{
    "hostname": "local-worker2-ccdaniele-kind",
    "timestamp": 1724779042903719008,
    "system_probe_metadata": {
        "agent_runtime_configuration": "event_monitoring_config:\n  network_process:\n    max_processes_tracked: 1024\nnetwork_config:\n  enable_http_monitoring: true\n  enable_https_monitoring: true\nruntime_security_config:\n  fim_enabled: true\nservice_monitoring_config:\n  enable_http_monitoring: true\n  enable_ring_buffers: true\n  http_idle_connection_ttl_in_s: 30\n  http_map_cleaner_interval_in_s: 300\n  http_max_request_fragment: 512\n  http_notification_threshold: 512\n  max_concurrent_requests: 131072\n  max_http_stats_buffered: 100000\n  max_postgres_stats_buffered: 100000\n  max_tracked_http_connections: 1024\n  tls:\n    native:\n      enabled: true\nsystem_probe_config:\n  adjusted: true\n  enable_kernel_header_download: true\n  enable_runtime_compiler: true\n  enabled: true\n  max_closed_connections_buffered: 131072\n  process_service_inference:\n    enabled: false\n    use_windows_service_name: true\n",
        "agent_version": "7.55.2",
        "cli_configuration": "{}\n",
        "environment_variable_configuration": "log_level: debug\nproxy:\n  http: \"\"\n  https: \"\"\n  no_proxy:\n  - 169.254.169.254\n  - 100.100.100.200\nsecret_backend_command_allow_group_exec_perm: \"true\"\nsystem_probe_config.internal_profiling.api_key: '***************************8b8dc'\n",
        "file_configuration": "network_config:\n  conntrack_init_timeout: 10s\n  enabled: true\nruntime_security_config:\n  activity_dump:\n    cgroup_dump_timeout: 20\n    cgroup_wait_list_size: 0\n    enabled: true\n    path_merge:\n      enabled: false\n    traced_cgroups_count: 3\n  enabled: true\n  fim_enabled: false\n  network:\n    enabled: true\n  policies:\n    dir: /etc/datadog-agent/runtime-security.d\n  remote_configuration:\n    enabled: true\n  security_profile:\n    anomaly_detection:\n      enabled: true\n    auto_suppression:\n      enabled: true\n    enabled: true\n  socket: /var/run/sysprobe/runtime-security.sock\n  syscall_monitor:\n    enabled: false\n  use_secruntime_track: true\nservice_monitoring_config:\n  enabled: true\nsystem_probe_config:\n  apt_config_dir: /host/etc/apt\n  bpf_debug: false\n  collect_dns_stats: true\n  conntrack_max_state_size: 131072\n  debug_port: 0\n  enable_conntrack: true\n  enable_oom_kill: false\n  enable_tcp_queue_length: false\n  enabled: true\n  kernel_header_download_dir: /var/tmp/datadog-agent/system-probe/kernel-headers\n  max_tracked_connections: 131072\n  runtime_compiler_output_dir: /var/tmp/datadog-agent/system-probe/build\n  sysprobe_socket: /var/run/sysprobe/sysprobe.sock\n  yum_repos_dir: /host/etc/yum.repos.d\n  zypper_repos_dir: /host/etc/zypp/repos.d\n",
        "full_configuration": "event_monitoring_config:\n  custom_sensitive_words: []\n  dentry_cache_size: 1024\n  enable_all_probes: false\n  enable_kernel_filters: true\n  envs_with_value:\n  - LD_PRELOAD\n  - LD_LIBRARY_PATH\n  - PATH\n  - HISTSIZE\n  - HISTFILESIZE\n  - GLIBC_TUNABLES\n  erpc_dentry_resolution_enabled: true\n  event_server:\n    burst: 40\n  event_stream:\n    use_fentry: false\n    use_fentry_amd64: false\n    use_fentry_arm64: false\n    use_ring_buffer: true\n  events_stats:\n    polling_interval: 20\n    tags_cardinality: high\n  flush_discarder_window: 3\n  map_dentry_resolution_enabled: true\n  network:\n    classifier_handle: 0\n    classifier_priority: 10\n    enabled: true\n    ingress:\n      enabled: false\n    lazy_interface_prefixes: []\n  network_process:\n    enabled: true\n    max_processes_tracked: 1024\n  pid_cache_size: 10000\n  process:\n    enabled: false\n  remote_tagger: true\n  runtime_compilation:\n    enabled: false\n  runtime_monitor:\n    enabled: false\n  socket: /opt/datadog-agent/run/event-monitor.sock\n  syscalls_monitor:\n    enabled: false\nnetwork_config:\n  allow_netlink_conntracker_fallback: true\n  collect_tcp_v4: true\n  collect_tcp_v6: true\n  collect_udp_v4: true\n  collect_udp_v6: true\n  conntrack_init_timeout: 10s\n  dns_recorded_query_types: []\n  enable_connection_rollup: false\n  enable_dns_by_querytype: false\n  enable_gateway_lookup: true\n  enable_http_monitoring: true\n  enable_https_monitoring: true\n  enable_protocol_classification: true\n  enable_ringbuffers: true\n  enable_root_netns: true\n  enabled: true\n  ignore_conntrack_init_failure: false\nping:\n  enabled: false\nruntime_security_config:\n  activity_dump:\n    auto_suppression:\n      enabled: true\n    cgroup_differentiate_args: false\n    cgroup_dump_timeout: 20\n    cgroup_wait_list_size: 0\n    cgroup_wait_list_timeout: 4500s\n    cleanup_period: 30s\n    dump_duration: 900s\n    enabled: true\n    load_controller_period: 60s\n    local_storage:\n      compression: false\n      formats:\n      - profile\n      max_dumps_count: 100\n      output_directory: /opt/datadog-agent/run/runtime-security/profiles\n    max_dump_count_per_workload: 25\n    max_dump_size: 1750\n    min_timeout: 10m\n    path_merge:\n      enabled: false\n    rate_limiter: 500\n    silent_workloads:\n      delay: 10s\n      ticker: 10s\n    syscall_monitor:\n      period: 60s\n    tag_rules:\n      enabled: true\n    tags_resolution_period: 60s\n    traced_cgroups_count: 3\n    traced_event_types:\n    - exec\n    - open\n    - dns\n    - imds\n    workload_deny_list: []\n  compliance_module:\n    enabled: false\n  cookie_cache_size: 100\n  direct_send_from_system_probe: false\n  ebpfless:\n    enabled: false\n    socket: localhost:5678\n  enabled: true\n  enforcement:\n    enabled: true\n    raw_syscall:\n      enabled: false\n  etw_events_channel_size: 128\n  etw_events_max_buffers: 0\n  event_server:\n    burst: 40\n    rate: 10\n    retention: 6s\n  fim_enabled: true\n  hash_resolver:\n    cache_size: 500\n    enabled: true\n    event_types:\n    - exec\n    - open\n    hash_algorithms:\n    - sha1\n    - sha256\n    - ssdeep\n    max_file_size: 10485760\n    max_hash_burst: 1000\n    max_hash_rate: 500\n    replace: {}\n  imds_ipv4: 169.254.169.254\n  internal_monitoring:\n    enabled: false\n  log_patterns: []\n  log_tags: []\n  network:\n    enabled: true\n  policies:\n    dir: /etc/datadog-agent/runtime-security.d\n    monitor:\n      enabled: false\n      per_rule_enabled: false\n      report_internal_policies: false\n    watch_dir: false\n  remote_configuration:\n    dump_policies: false\n    enabled: true\n  sbom:\n    enabled: false\n    workloads_cache_size: 10\n  security_profile:\n    anomaly_detection:\n      default_minimum_stable_period: 900s\n      enabled: true\n      event_types:\n      - exec\n      minimum_stable_period:\n        dns: 900s\n        exec: 900s\n      rate_limiter:\n        num_events_allowed: 300\n        num_keys: 1000\n        period: 1m\n      silent_rule_events:\n        enabled: false\n      tag_rules:\n        enabled: true\n      unstable_profile_size_threshold: 5000000\n      unstable_profile_time_threshold: 1h\n      workload_warmup_period: 180s\n    auto_suppression:\n      enabled: true\n      event_types:\n      - exec\n      - dns\n    cache_size: 10\n    dir: /opt/datadog-agent/run/runtime-security/profiles\n    dns_match_max_depth: 3\n    enabled: true\n    max_count: 400\n    max_image_tags: 20\n    remote_configuration:\n      enabled: false\n    watch_dir: true\n  self_test:\n    enabled: true\n    send_report: true\n  socket: /var/run/sysprobe/runtime-security.sock\n  syscall_monitor:\n    enabled: false\n  use_secruntime_track: true\n  user_sessions:\n    cache_size: 1024\n  windows_filename_cache_max: 16384\n  windows_probe_block_on_channel_send: false\n  windows_registry_cache_max: 4096\nservice_monitoring_config:\n  enable_http_monitoring: true\n  enable_http_stats_by_status_code: true\n  enable_http2_monitoring: false\n  enable_kafka_monitoring: false\n  enable_ring_buffers: true\n  enabled: true\n  http_idle_connection_ttl_in_s: 30\n  http_map_cleaner_interval_in_s: 300\n  http_max_request_fragment: 512\n  http_notification_threshold: 512\n  http2_dynamic_table_map_cleaner_interval_seconds: 30\n  max_concurrent_requests: 131072\n  max_http_stats_buffered: 100000\n  max_kafka_stats_buffered: 100000\n  max_postgres_stats_buffered: 100000\n  max_tracked_http_connections: 1024\n  tls:\n    go:\n      exclude_self: true\n    istio:\n      enabled: false\n    java:\n      allow_regex: \"\"\n      args: dd.appsec.enabled=false,dd.trace.enabled=false,dd.usm.enabled=true\n      block_regex: \"\"\n      debug: false\n      dir: /opt/datadog-agent/embedded/share/system-probe/java\n      enabled: false\n    native:\n      enabled: true\nsystem_probe_config:\n  adjusted: true\n  allow_precompiled_fallback: true\n  allow_runtime_compiled_fallback: true\n  apt_config_dir: /host/etc/apt\n  attach_kprobes_with_kprobe_events_abi: false\n  bpf_debug: false\n  bpf_dir: /opt/datadog-agent/embedded/share/system-probe/ebpf\n  btf_path: \"\"\n  closed_channel_size: 500\n  closed_connection_flush_threshold: 0\n  collect_dns_domains: true\n  collect_dns_stats: true\n  collect_local_dns: false\n  conntrack_max_state_size: 131072\n  conntrack_rate_limit: 500\n  debug_port: 0\n  dest_excludes: {}\n  disable_dns_inspection: false\n  disable_ipv6: false\n  disable_tcp: false\n  disable_udp: false\n  dns_timeout_in_s: 15\n  ebpf_instrumentation:\n    enabled: false\n  enable_co_re: true\n  enable_conntrack: true\n  enable_conntrack_all_namespaces: true\n  enable_kernel_header_download: true\n  enable_oom_kill: false\n  enable_runtime_compiler: true\n  enable_tcp_queue_length: false\n  enable_tracepoints: false\n  enabled: true\n  excluded_linux_versions: []\n  external: false\n  health_port: 0\n  internal_profiling:\n    api_key: '***************************8b8dc'\n    block_profile_rate: 0\n    cpu_duration: 1m0s\n    custom_attributes:\n    - module\n    - rule_id\n    delta_profiles: true\n    enable_block_profiling: false\n    enable_goroutine_stacktraces: false\n    enable_mutex_profiling: false\n    enabled: false\n    env: \"\"\n    extra_tags: []\n    mutex_profile_fraction: 0\n    period: 5m0s\n    profile_dd_url: \"\"\n    site: datadoghq.com\n    unix_socket: \"\"\n  kernel_header_dirs: []\n  kernel_header_download_dir: /var/tmp/datadog-agent/system-probe/kernel-headers\n  language_detection:\n    enabled: false\n  max_closed_connections_buffered: 131072\n  max_connection_state_buffered: 75000\n  max_conns_per_message: 600\n  max_dns_stats: 20000\n  max_tracked_connections: 131072\n  memory_controller:\n    enabled: false\n    hierarchy: v1\n    pressure_levels: {}\n    thresholds: {}\n  offset_guess_threshold: 400\n  process_config:\n    enabled: false\n  process_service_inference:\n    enabled: false\n    use_windows_service_name: true\n  runtime_compiler_output_dir: /var/tmp/datadog-agent/system-probe/build\n  source_excludes: {}\n  sysprobe_socket: /var/run/sysprobe/sysprobe.sock\n  telemetry_enabled: false\n  windows:\n    enable_monotonic_count: false\n  yum_repos_dir: /host/etc/yum.repos.d\n  zypper_repos_dir: /host/etc/zypp/repos.d\ntraceroute:\n  enabled: false",
        "provided_configuration": "event_monitoring_config:\n  network_process:\n    max_processes_tracked: 1024\nlog_level: debug\nnetwork_config:\n  conntrack_init_timeout: 1e+10\n  enable_http_monitoring: true\n  enable_https_monitoring: true\n  enabled: true\nproxy:\n  http: \"\"\n  https: \"\"\n  no_proxy:\n  - 169.254.169.254\n  - 100.100.100.200\nruntime_security_config:\n  activity_dump:\n    cgroup_dump_timeout: 20\n    cgroup_wait_list_size: 0\n    enabled: true\n    path_merge:\n      enabled: false\n    traced_cgroups_count: 3\n  enabled: true\n  fim_enabled: true\n  network:\n    enabled: true\n  policies:\n    dir: /etc/datadog-agent/runtime-security.d\n  remote_configuration:\n    enabled: true\n  security_profile:\n    anomaly_detection:\n      enabled: true\n    auto_suppression:\n      enabled: true\n    enabled: true\n  socket: /var/run/sysprobe/runtime-security.sock\n  syscall_monitor:\n    enabled: false\n  use_secruntime_track: true\nsecret_backend_command_allow_group_exec_perm: true\nservice_monitoring_config:\n  enable_http_monitoring: true\n  enable_ring_buffers: true\n  enabled: true\n  http_idle_connection_ttl_in_s: 30\n  http_map_cleaner_interval_in_s: 300\n  http_max_request_fragment: 512\n  http_notification_threshold: 512\n  max_concurrent_requests: 131072\n  max_http_stats_buffered: 100000\n  max_postgres_stats_buffered: 100000\n  max_tracked_http_connections: 1024\n  tls:\n    native:\n      enabled: true\nsystem_probe_config:\n  adjusted: true\n  apt_config_dir: /host/etc/apt\n  bpf_debug: false\n  collect_dns_stats: true\n  conntrack_max_state_size: 131072\n  debug_port: 0\n  enable_conntrack: true\n  enable_kernel_header_download: true\n  enable_oom_kill: false\n  enable_runtime_compiler: true\n  enable_tcp_queue_length: false\n  enabled: true\n  internal_profiling:\n    api_key: '***************************8b8dc'\n  kernel_header_download_dir: /var/tmp/datadog-agent/system-probe/kernel-headers\n  max_closed_connections_buffered: 131072\n  max_tracked_connections: 131072\n  process_service_inference:\n    enabled: false\n    use_windows_service_name: true\n  runtime_compiler_output_dir: /var/tmp/datadog-agent/system-probe/build\n  sysprobe_socket: /var/run/sysprobe/sysprobe.sock\n  yum_repos_dir: /host/etc/yum.repos.d\n  zypper_repos_dir: /host/etc/zypp/repos.d\n",
        "remote_configuration": "{}\n",
        "source_local_configuration": "{}\n"
    }
}