[
  {
    "hostName": "local-worker2-ccdaniele-kind",
    "processes": [
      {
        "pid": 1272647,
        "nsPid": 1272647,
        "command": {
          "args": [
            "/usr/local/bin/containerd-shim-runc-v2",
            "-namespace",
            "k8s.io",
            "-id",
            "ccd6b8b272e2f703562c1a62dadec87586b6a71da739c6fefb2dc7787c170840",
            "-address",
            "/run/containerd/containerd.sock"
          ],
          "ppid": 1,
          "comm": "containerd-shim"
        },
        "user": {
          "name": "root"
        },
        "memory": {
          "rss": 8192000,
          "vms": 1268277248,
          "swap": 1310720,
          "shared": 4194304,
          "text": 5107712,
          "data": 47931392
        },
        "cpu": {
          "lastCpu": "cpu",
          "numThreads": 13,
          "nice": 20,
          "userTime": 2,
          "systemTime": 4
        },
        "createTime": 1724751550000,
        "state": 3,
        "ioStat": {
          "readRate": -1,
          "writeRate": -1,
          "readBytesRate": -1,
          "writeBytesRate": -1
        },
        "voluntaryCtxSwitches": 7,
        "processContext": [
          "process_context:containerd-shim-runc-v2"
        ]
      },
      {
        "pid": 1272667,
        "nsPid": 1,
        "command": {
          "args": [
            "/pause"
          ],
          "ppid": 1272647,
          "comm": "pause"
        },
        "user": {
          "uid": 65535,
          "gid": 65535
        },
        "memory": {
          "rss": 131072,
          "vms": 811008,
          "shared": 131072,
          "text": 491520,
          "data": 290816
        },
        "cpu": {
          "lastCpu": "cpu",
          "numThreads": 1,
          "nice": 20
        },
        "createTime": 1724751550000,
        "state": 3,
        "ioStat": {
          "readRate": -1,
          "writeRate": -1,
          "readBytesRate": -1,
          "writeBytesRate": -1
        },
        "voluntaryCtxSwitches": 14,
        "processContext": [
          "process_context:pause"
        ]
      },
      {
        "pid": 327,
        "nsPid": 1,
        "command": {
          "args": [
            "/pause"
          ],
          "ppid": 293,
          "comm": "pause"
        },
        "user": {
          "uid": 65535,
          "gid": 65535
        },
        "memory": {
          "vms": 811008,
          "text": 491520,
          "data": 290816
        },
        "cpu": {
          "lastCpu": "cpu",
          "numThreads": 1,
          "nice": 20
        },
        "createTime": 1724628649000,
        "state": 3,
        "ioStat": {
          "readRate": -1,
          "writeRate": -1,
          "readBytesRate": -1,
          "writeBytesRate": -1
        },
        "voluntaryCtxSwitches": 13,
        "involuntaryCtxSwitches": 9,
        "processContext": [
          "process_context:pause"
        ]
      },
      {
        "pid": 576705,
        "nsPid": 576705,
        "command": {
          "args": [
            "/usr/local/bin/containerd-shim-runc-v2",
            "-namespace",
            "k8s.io",
            "-id",
            "a6b18dcdc0e3fa0ecc001a75adbec677b0fd0b5e3b641b3bc7e2ecf2c6efd615",
            "-address",
            "/run/containerd/containerd.sock"
          ],
          "ppid": 1,
          "comm": "containerd-shim"
        },
        "user": {
          "name": "root"
        },
        "memory": {
          "rss": 7499776,
          "vms": 1267752960,
          "swap": 3653632,
          "shared": 3801088,
          "text": 5107712,
          "data": 47407104
        },
        "cpu": {
          "lastCpu": "cpu",
          "numThreads": 13,
          "nice": 20,
          "userTime": 13,
          "systemTime": 17
        },
        "createTime": 1724689164000,
        "state": 3,
        "ioStat": {
          "readRate": -1,
          "writeRate": -1,
          "readBytesRate": -1,
          "writeBytesRate": -1
        },
        "voluntaryCtxSwitches": 7,
        "processContext": [
          "process_context:containerd-shim-runc-v2"
        ]
      },
      {
        "pid": 1,
        "nsPid": 1,
        "command": {
          "args": [
            "/sbin/init"
          ],
          "comm": "systemd"
        },
        "user": {
          "name": "root"
        },
        "memory": {
          "rss": 5767168,
          "vms": 23273472,
          "swap": 3670016,
          "shared": 4063232,
          "text": 81920,
          "data": 4530176
        },
        "cpu": {
          "lastCpu": "cpu",
          "numThreads": 1,
          "nice": 20,
          "userTime": 10,
          "systemTime": 8
        },
        "createTime": 1724628620000,
        "state": 3,
        "ioStat": {
          "readRate": -1,
          "writeRate": -1,
          "readBytesRate": -1,
          "writeBytesRate": -1
        },
        "voluntaryCtxSwitches": 195510,
        "involuntaryCtxSwitches": 1261,
        "processContext": [
          "process_context:init"
        ]
      },
      {
        "pid": 287,
        "nsPid": 287,
        "command": {
          "args": [
            "/usr/local/bin/containerd-shim-runc-v2",
            "-namespace",
            "k8s.io",
            "-id",
            "7a55969feed3a6f4b3c0442b4f32f349af63529c7ea6e1bafe737295d1b9c2fb",
            "-address",
            "/run/containerd/containerd.sock"
          ],
          "ppid": 1,
          "comm": "containerd-shim"
        },
        "user": {
          "name": "root"
        },
        "memory": {
          "rss": 6778880,
          "vms": 1268277248,
          "swap": 3952640,
          "shared": 3538944,
          "text": 5107712,
          "data": 47931392
        },
        "cpu": {
          "lastCpu": "cpu",
          "totalPct": 0.10521701,
          "systemPct": 0.10521701,
          "numThreads": 13,
          "nice": 20,
          "userTime": 21,
          "systemTime": 26
        },
        "createTime": 1724628649000,
        "state": 3,
        "ioStat": {
          "readRate": -1,
          "writeRate": -1,
          "readBytesRate": -1,
          "writeBytesRate": -1
        },
        "voluntaryCtxSwitches": 7,
        "involuntaryCtxSwitches": 1,
        "processContext": [
          "process_context:containerd-shim-runc-v2"
        ]
      },
      {
        "pid": 4079,
        "nsPid": 1,
        "command": {
          "args": [
            "/pause"
          ],
          "ppid": 4059,
          "comm": "pause"
        },
        "user": {
          "uid": 65535,
          "gid": 65535
        },
        "memory": {
          "vms": 811008,
          "text": 491520,
          "data": 290816
        },
        "cpu": {
          "lastCpu": "cpu",
          "numThreads": 1,
          "nice": 20
        },
        "createTime": 1724629421000,
        "state": 3,
        "ioStat": {
          "readRate": -1,
          "writeRate": -1,
          "readBytesRate": -1,
          "writeBytesRate": -1
        },
        "voluntaryCtxSwitches": 14,
        "involuntaryCtxSwitches": 3,
        "processContext": [
          "process_context:pause"
        ]
      },
      {
        "pid": 49843,
        "nsPid": 49843,
        "command": {
          "args": [
            "/usr/local/bin/containerd-shim-runc-v2",
            "-namespace",
            "k8s.io",
            "-id",
            "dcfde52fb25c1061c020529cdbe46dea9a1fa8a52385a400612e0c40ce2da281",
            "-address",
            "/run/containerd/containerd.sock"
          ],
          "ppid": 1,
          "comm": "containerd-shim"
        },
        "user": {
          "name": "root"
        },
        "memory": {
          "rss": 6942720,
          "vms": 1268277248,
          "swap": 3289088,
          "shared": 3538944,
          "text": 5107712,
          "data": 47931392
        },
        "cpu": {
          "lastCpu": "cpu",
          "totalPct": 0.21043402,
          "userPct": 0.10521701,
          "systemPct": 0.10521701,
          "numThreads": 13,
          "nice": 20,
          "userTime": 22,
          "systemTime": 23
        },
        "createTime": 1724635752000,
        "state": 3,
        "ioStat": {
          "readRate": -1,
          "writeRate": -1,
          "readBytesRate": -1,
          "writeBytesRate": -1
        },
        "voluntaryCtxSwitches": 7,
        "processContext": [
          "process_context:containerd-shim-runc-v2"
        ]
      },
      {
        "pid": 89,
        "nsPid": 89,
        "command": {
          "args": [
            "/lib/systemd/systemd-journald"
          ],
          "ppid": 1,
          "comm": "systemd-journal"
        },
        "user": {
          "name": "root"
        },
        "memory": {
          "rss": 2371584,
          "vms": 109604864,
          "swap": 1179648,
          "shared": 2371584,
          "text": 151552,
          "data": 9183232
        },
        "cpu": {
          "lastCpu": "cpu",
          "numThreads": 1,
          "nice": 20,
          "userTime": 6,
          "systemTime": 6
        },
        "createTime": 1724628620000,
        "state": 3,
        "ioStat": {
          "readRate": -1,
          "writeRate": -1,
          "readBytesRate": -1,
          "writeBytesRate": -1
        },
        "voluntaryCtxSwitches": 130157,
        "involuntaryCtxSwitches": 1537,
        "processContext": [
          "process_context:systemd-journald"
        ]
      },
      {
        "pid": 1291169,
        "nsPid": 1291169,
        "command": {
          "args": [
            "/usr/local/bin/containerd-shim-runc-v2",
            "-namespace",
            "k8s.io",
            "-id",
            "24d86881f316d56525a7d780deddf879d95155f2f23b16e87294cef8978ba0a5",
            "-address",
            "/run/containerd/containerd.sock"
          ],
          "ppid": 1,
          "comm": "containerd-shim"
        },
        "user": {
          "name": "root"
        },
        "memory": {
          "rss": 7696384,
          "vms": 1268277248,
          "swap": 1175552,
          "shared": 4325376,
          "text": 5107712,
          "data": 47931392
        },
        "cpu": {
          "lastCpu": "cpu",
          "numThreads": 13,
          "nice": 20,
          "userTime": 3,
          "systemTime": 4
        },
        "createTime": 1724753226000,
        "state": 3,
        "ioStat": {
          "readRate": -1,
          "writeRate": -1,
          "readBytesRate": -1,
          "writeBytesRate": -1
        },
        "voluntaryCtxSwitches": 7,
        "processContext": [
          "process_context:containerd-shim-runc-v2"
        ]
      },
      {
        "pid": 1578216,
        "nsPid": 1578216,
        "command": {
          "args": [
            "/pause"
          ],
          "cwd": "/",
          "ppid": 1578197,
          "exe": "/pause",
          "comm": "pause"
        },
        "user": {
          "name": "root"
        },
        "memory": {
          "rss": 131072,
          "vms": 811008,
          "shared": 131072,
          "text": 491520,
          "data": 290816
        },
        "cpu": {
          "lastCpu": "cpu",
          "numThreads": 1,
          "nice": 20
        },
        "createTime": 1724778974000,
        "state": 3,
        "ioStat": {
          "readRate": -1,
          "writeRate": -1,
          "readBytesRate": -1,
          "writeBytesRate": -1
        },
        "voluntaryCtxSwitches": 18,
        "involuntaryCtxSwitches": 1,
        "processContext": [
          "process_context:pause"
        ]
      },
      {
        "pid": 293,
        "nsPid": 293,
        "command": {
          "args": [
            "/usr/local/bin/containerd-shim-runc-v2",
            "-namespace",
            "k8s.io",
            "-id",
            "0f606e5ed3185f178f0b82303ef630527558672d425c598cfc84004ccab79191",
            "-address",
            "/run/containerd/containerd.sock"
          ],
          "ppid": 1,
          "comm": "containerd-shim"
        },
        "user": {
          "name": "root"
        },
        "memory": {
          "rss": 7458816,
          "vms": 1268277248,
          "swap": 3506176,
          "shared": 3670016,
          "text": 5107712,
          "data": 47931392
        },
        "cpu": {
          "lastCpu": "cpu",
          "numThreads": 13,
          "nice": 20,
          "userTime": 23,
          "systemTime": 27
        },
        "createTime": 1724628649000,
        "state": 3,
        "ioStat": {
          "readRate": -1,
          "writeRate": -1,
          "readBytesRate": -1,
          "writeBytesRate": -1
        },
        "voluntaryCtxSwitches": 7,
        "processContext": [
          "process_context:containerd-shim-runc-v2"
        ]
      },
      {
        "pid": 4059,
        "nsPid": 4059,
        "command": {
          "args": [
            "/usr/local/bin/containerd-shim-runc-v2",
            "-namespace",
            "k8s.io",
            "-id",
            "cd337cfd19c6c4509c26c4499d91377d5fd133ff94884c1d64977c77730259bd",
            "-address",
            "/run/containerd/containerd.sock"
          ],
          "ppid": 1,
          "comm": "containerd-shim"
        },
        "user": {
          "name": "root"
        },
        "memory": {
          "rss": 7286784,
          "vms": 1268015104,
          "swap": 2908160,
          "shared": 3276800,
          "text": 5107712,
          "data": 47669248
        },
        "cpu": {
          "lastCpu": "cpu",
          "totalPct": 0.10521701,
          "systemPct": 0.10521701,
          "numThreads": 13,
          "nice": 20,
          "userTime": 23,
          "systemTime": 24
        },
        "createTime": 1724629421000,
        "state": 3,
        "ioStat": {
          "readRate": -1,
          "writeRate": -1,
          "readBytesRate": -1,
          "writeBytesRate": -1
        },
        "voluntaryCtxSwitches": 9,
        "processContext": [
          "process_context:containerd-shim-runc-v2"
        ]
      },
      {
        "pid": 1291188,
        "nsPid": 1,
        "command": {
          "args": [
            "/pause"
          ],
          "ppid": 1291169,
          "comm": "pause"
        },
        "user": {
          "uid": 65535,
          "gid": 65535
        },
        "memory": {
          "rss": 131072,
          "vms": 811008,
          "shared": 131072,
          "text": 491520,
          "data": 290816
        },
        "cpu": {
          "lastCpu": "cpu",
          "numThreads": 1,
          "nice": 20
        },
        "createTime": 1724753226000,
        "state": 3,
        "ioStat": {
          "readRate": -1,
          "writeRate": -1,
          "readBytesRate": -1,
          "writeBytesRate": -1
        },
        "voluntaryCtxSwitches": 16,
        "processContext": [
          "process_context:pause"
        ]
      },
      {
        "pid": 576841,
        "nsPid": 1,
        "command": {
          "args": [
            "/pause"
          ],
          "ppid": 576705,
          "comm": "pause"
        },
        "user": {
          "uid": 65535,
          "gid": 65535
        },
        "memory": {
          "vms": 811008,
          "text": 491520,
          "data": 290816
        },
        "cpu": {
          "lastCpu": "cpu",
          "numThreads": 1,
          "nice": 20
        },
        "createTime": 1724689164000,
        "state": 3,
        "ioStat": {
          "readRate": -1,
          "writeRate": -1,
          "readBytesRate": -1,
          "writeBytesRate": -1
        },
        "voluntaryCtxSwitches": 16,
        "involuntaryCtxSwitches": 1,
        "processContext": [
          "process_context:pause"
        ]
      },
      {
        "pid": 49861,
        "nsPid": 1,
        "command": {
          "args": [
            "/pause"
          ],
          "ppid": 49843,
          "comm": "pause"
        },
        "user": {
          "uid": 65535,
          "gid": 65535
        },
        "memory": {
          "vms": 811008,
          "text": 491520,
          "data": 290816
        },
        "cpu": {
          "lastCpu": "cpu",
          "numThreads": 1,
          "nice": 20
        },
        "createTime": 1724635752000,
        "state": 3,
        "ioStat": {
          "readRate": -1,
          "writeRate": -1,
          "readBytesRate": -1,
          "writeBytesRate": -1
        },
        "voluntaryCtxSwitches": 13,
        "processContext": [
          "process_context:pause"
        ]
      },
      {
        "pid": 1578197,
        "nsPid": 1578197,
        "command": {
          "args": [
            "/usr/local/bin/containerd-shim-runc-v2",
            "-namespace",
            "k8s.io",
            "-id",
            "30e6b76ea9d7a78f9e24b4e80af8584c5128ae865863dd8f84284836592cfa84",
            "-address",
            "/run/containerd/containerd.sock"
          ],
          "ppid": 1,
          "comm": "containerd-shim"
        },
        "user": {
          "name": "root"
        },
        "memory": {
          "rss": 9842688,
          "vms": 1268015104,
          "swap": 2359296,
          "shared": 4849664,
          "text": 5107712,
          "data": 47669248
        },
        "cpu": {
          "lastCpu": "cpu",
          "totalPct": 10.521701,
          "userPct": 3.4721613,
          "systemPct": 7.0495396,
          "numThreads": 16,
          "nice": 20
        },
        "createTime": 1724778974000,
        "state": 3,
        "ioStat": {
          "readRate": -1,
          "writeRate": -1,
          "readBytesRate": -1,
          "writeBytesRate": -1
        },
        "voluntaryCtxSwitches": 10,
        "processContext": [
          "process_context:containerd-shim-runc-v2"
        ]
      },
      {
        "pid": 229,
        "nsPid": 229,
        "command": {
          "args": [
            "/usr/bin/kubelet",
            "--bootstrap-kubeconfig=/etc/kubernetes/bootstrap-kubelet.conf",
            "--kubeconfig=/etc/kubernetes/kubelet.conf",
            "--config=/var/lib/kubelet/config.yaml",
            "--container-runtime-endpoint=unix:///run/containerd/containerd.sock",
            "--node-ip=172.18.0.4",
            "--node-labels=",
            "--pod-infra-container-image=registry.k8s.io/pause:3.9",
            "--provider-id=kind://docker/local/local-worker2",
            "--runtime-cgroups=/system.slice/containerd.service"
          ],
          "ppid": 1,
          "comm": "kubelet"
        },
        "user": {
          "name": "root"
        },
        "memory": {
          "rss": 74596352,
          "vms": 2922549248,
          "swap": 8667136,
          "shared": 19005440,
          "text": 68345856,
          "data": 277188608
        },
        "cpu": {
          "lastCpu": "cpu",
          "totalPct": 1.5782552,
          "userPct": 1.1573871,
          "systemPct": 0.42086804,
          "numThreads": 22,
          "nice": 20,
          "userTime": 2093,
          "systemTime": 997
        },
        "createTime": 1724628647000,
        "state": 3,
        "ioStat": {
          "readRate": -1,
          "writeRate": -1,
          "readBytesRate": -1,
          "writeBytesRate": -1
        },
        "voluntaryCtxSwitches": 1424216,
        "involuntaryCtxSwitches": 6223,
        "processContext": [
          "process_context:kubelet"
        ]
      },
      {
        "pid": 334,
        "nsPid": 1,
        "command": {
          "args": [
            "/pause"
          ],
          "ppid": 287,
          "comm": "pause"
        },
        "user": {
          "uid": 65535,
          "gid": 65535
        },
        "memory": {
          "vms": 811008,
          "text": 491520,
          "data": 290816
        },
        "cpu": {
          "lastCpu": "cpu",
          "numThreads": 1,
          "nice": 20
        },
        "createTime": 1724628649000,
        "state": 3,
        "ioStat": {
          "readRate": -1,
          "writeRate": -1,
          "readBytesRate": -1,
          "writeBytesRate": -1
        },
        "voluntaryCtxSwitches": 15,
        "involuntaryCtxSwitches": 3,
        "processContext": [
          "process_context:pause"
        ]
      },
      {
        "pid": 1578490,
        "nsPid": 1578490,
        "command": {
          "args": [
            "agent",
            "run"
          ],
          "cwd": "/",
          "ppid": 1578197,
          "exe": "/opt/datadog-agent/bin/agent/agent",
          "comm": "agent"
        },
        "user": {
          "name": "root"
        },
        "memory": {
          "rss": 298463232,
          "vms": 3026890752,
          "shared": 47448064,
          "text": 164036608,
          "data": 462675968
        },
        "cpu": {
          "lastCpu": "cpu",
          "totalPct": 153.51161,
          "userPct": 139.0969,
          "systemPct": 14.41473,
          "numThreads": 18,
          "nice": 20,
          "userTime": 20,
          "systemTime": 2
        },
        "createTime": 1724778977000,
        "state": 3,
        "ioStat": {
          "readRate": -1,
          "writeRate": -1,
          "readBytesRate": -1,
          "writeBytesRate": -1
        },
        "voluntaryCtxSwitches": 4511,
        "involuntaryCtxSwitches": 124,
        "processContext": [
          "process_context:agent"
        ]
      },
      {
        "pid": 1579073,
        "nsPid": 1579073,
        "command": {
          "args": [
            "java",
            "-Djdk.attach.allowAttachSelf=true",
            "-XX:+UseContainerSupport",
            "-XX:MaxRAMPercentage=25.0000",
            "-classpath",
            "/opt/datadog-agent/bin/agent/dist/jmx/jmxfetch.jar",
            "org.datadog.jmxfetch.App",
            "--ipc_host",
            "localhost",
            "--ipc_port",
            "5001",
            "--check_period",
            "15000",
            "--thread_pool_size",
            "3",
            "--collection_timeout",
            "60",
            "--reconnection_timeout",
            "60",
            "--reconnection_thread_pool_size",
            "3",
            "--log_level",
            "DEBUG",
            "--reporter",
            "statsd:unix:///var/run/datadog/dsd.socket",
            "--statsd_queue_size",
            "4096",
            "collect"
          ],
          "cwd": "/",
          "ppid": 1578490,
          "exe": "/usr/lib/jvm/java-11-openjdk-arm64/bin/java",
          "comm": "java"
        },
        "user": {
          "name": "root"
        },
        "memory": {
          "rss": 90320896,
          "vms": 5854650368,
          "shared": 7864320,
          "text": 4096,
          "data": 312934400
        },
        "cpu": {
          "lastCpu": "cpu",
          "totalPct": 0.5260851,
          "userPct": 0.42086804,
          "systemPct": 0.10521701,
          "numThreads": 31,
          "nice": 20,
          "userTime": 1
        },
        "createTime": 1724778984000,
        "state": 3,
        "ioStat": {
          "readRate": -1,
          "writeRate": -1,
          "readBytesRate": -1,
          "writeBytesRate": -1
        },
        "voluntaryCtxSwitches": 62,
        "processContext": [
          "process_context:App"
        ]
      },
      {
        "pid": 104,
        "nsPid": 104,
        "command": {
          "args": [
            "/usr/local/bin/containerd"
          ],
          "ppid": 1,
          "comm": "containerd"
        },
        "user": {
          "name": "root"
        },
        "memory": {
          "rss": 60219392,
          "vms": 3082473472,
          "swap": 11333632,
          "shared": 13885440,
          "text": 23113728,
          "data": 277000192
        },
        "cpu": {
          "lastCpu": "cpu",
          "totalPct": 18.412977,
          "userPct": 9.048663,
          "systemPct": 9.364314,
          "numThreads": 17,
          "nice": 20,
          "userTime": 1955,
          "systemTime": 1262
        },
        "createTime": 1724628620000,
        "state": 3,
        "ioStat": {
          "readRate": -1,
          "writeRate": -1,
          "readBytesRate": -1,
          "writeBytesRate": -1
        },
        "voluntaryCtxSwitches": 116,
        "involuntaryCtxSwitches": 2,
        "processContext": [
          "process_context:containerd"
        ]
      },
      {
        "pid": 576968,
        "nsPid": 43,
        "command": {
          "args": [
            "nginx: worker process"
          ],
          "ppid": 576905,
          "comm": "nginx"
        },
        "user": {
          "name": "statd",
          "uid": 101,
          "gid": 101
        },
        "memory": {
          "rss": 2174976,
          "vms": 11907072,
          "shared": 524288,
          "text": 1392640,
          "data": 2252800
        },
        "cpu": {
          "lastCpu": "cpu",
          "numThreads": 1,
          "nice": 20
        },
        "createTime": 1724689164000,
        "state": 3,
        "ioStat": {
          "readRate": -1,
          "writeRate": -1,
          "readBytesRate": -1,
          "writeBytesRate": -1
        },
        "containerId": "1e4de88be41d323193b69a435771ef6958f9c45b6ce780829daa173be00e477e",
        "voluntaryCtxSwitches": 999,
        "involuntaryCtxSwitches": 1,
        "processContext": [
          "process_context:nginx"
        ]
      },
      {
        "pid": 576959,
        "nsPid": 34,
        "command": {
          "args": [
            "nginx: worker process"
          ],
          "ppid": 576905,
          "comm": "nginx"
        },
        "user": {
          "name": "statd",
          "uid": 101,
          "gid": 101
        },
        "memory": {
          "rss": 2437120,
          "vms": 11907072,
          "shared": 786432,
          "text": 1392640,
          "data": 2252800
        },
        "cpu": {
          "lastCpu": "cpu",
          "numThreads": 1,
          "nice": 20
        },
        "createTime": 1724689164000,
        "state": 3,
        "ioStat": {
          "readRate": -1,
          "writeRate": -1,
          "readBytesRate": -1,
          "writeBytesRate": -1
        },
        "containerId": "1e4de88be41d323193b69a435771ef6958f9c45b6ce780829daa173be00e477e",
        "voluntaryCtxSwitches": 1016,
        "involuntaryCtxSwitches": 1,
        "processContext": [
          "process_context:nginx"
        ]
      },
      {
        "pid": 576966,
        "nsPid": 41,
        "command": {
          "args": [
            "nginx: worker process"
          ],
          "ppid": 576905,
          "comm": "nginx"
        },
        "user": {
          "name": "statd",
          "uid": 101,
          "gid": 101
        },
        "memory": {
          "rss": 2174976,
          "vms": 11907072,
          "shared": 524288,
          "text": 1392640,
          "data": 2252800
        },
        "cpu": {
          "lastCpu": "cpu",
          "numThreads": 1,
          "nice": 20
        },
        "createTime": 1724689164000,
        "state": 3,
        "ioStat": {
          "readRate": -1,
          "writeRate": -1,
          "readBytesRate": -1,
          "writeBytesRate": -1
        },
        "containerId": "1e4de88be41d323193b69a435771ef6958f9c45b6ce780829daa173be00e477e",
        "voluntaryCtxSwitches": 1375,
        "involuntaryCtxSwitches": 15,
        "processContext": [
          "process_context:nginx"
        ]
      },
      {
        "pid": 576905,
        "nsPid": 1,
        "command": {
          "args": [
            "nginx: master process nginx -g daemon off;"
          ],
          "cwd": "/",
          "ppid": 576705,
          "exe": "/usr/sbin/nginx",
          "comm": "nginx"
        },
        "user": {
          "name": "root"
        },
        "memory": {
          "rss": 1572864,
          "vms": 11415552,
          "shared": 393216,
          "text": 1392640,
          "data": 1765376
        },
        "cpu": {
          "lastCpu": "cpu",
          "numThreads": 1,
          "nice": 20
        },
        "createTime": 1724689164000,
        "state": 3,
        "ioStat": {
          "readRate": -1,
          "writeRate": -1,
          "readBytesRate": -1,
          "writeBytesRate": -1
        },
        "containerId": "1e4de88be41d323193b69a435771ef6958f9c45b6ce780829daa173be00e477e",
        "voluntaryCtxSwitches": 21,
        "involuntaryCtxSwitches": 2,
        "processContext": [
          "process_context:nginx"
        ]
      },
      {
        "pid": 576963,
        "nsPid": 38,
        "command": {
          "args": [
            "nginx: worker process"
          ],
          "ppid": 576905,
          "comm": "nginx"
        },
        "user": {
          "name": "statd",
          "uid": 101,
          "gid": 101
        },
        "memory": {
          "rss": 2306048,
          "vms": 11907072,
          "shared": 655360,
          "text": 1392640,
          "data": 2252800
        },
        "cpu": {
          "lastCpu": "cpu",
          "numThreads": 1,
          "nice": 20
        },
        "createTime": 1724689164000,
        "state": 3,
        "ioStat": {
          "readRate": -1,
          "writeRate": -1,
          "readBytesRate": -1,
          "writeBytesRate": -1
        },
        "containerId": "1e4de88be41d323193b69a435771ef6958f9c45b6ce780829daa173be00e477e",
        "voluntaryCtxSwitches": 1288,
        "involuntaryCtxSwitches": 4,
        "processContext": [
          "process_context:nginx"
        ]
      },
      {
        "pid": 576965,
        "nsPid": 40,
        "command": {
          "args": [
            "nginx: worker process"
          ],
          "ppid": 576905,
          "comm": "nginx"
        },
        "user": {
          "name": "statd",
          "uid": 101,
          "gid": 101
        },
        "memory": {
          "rss": 2437120,
          "vms": 11907072,
          "shared": 786432,
          "text": 1392640,
          "data": 2252800
        },
        "cpu": {
          "lastCpu": "cpu",
          "numThreads": 1,
          "nice": 20
        },
        "createTime": 1724689164000,
        "state": 3,
        "ioStat": {
          "readRate": -1,
          "writeRate": -1,
          "readBytesRate": -1,
          "writeBytesRate": -1
        },
        "containerId": "1e4de88be41d323193b69a435771ef6958f9c45b6ce780829daa173be00e477e",
        "voluntaryCtxSwitches": 1277,
        "involuntaryCtxSwitches": 2,
        "processContext": [
          "process_context:nginx"
        ]
      },
      {
        "pid": 576964,
        "nsPid": 39,
        "command": {
          "args": [
            "nginx: worker process"
          ],
          "ppid": 576905,
          "comm": "nginx"
        },
        "user": {
          "name": "statd",
          "uid": 101,
          "gid": 101
        },
        "memory": {
          "rss": 2437120,
          "vms": 11907072,
          "shared": 786432,
          "text": 1392640,
          "data": 2252800
        },
        "cpu": {
          "lastCpu": "cpu",
          "numThreads": 1,
          "nice": 20
        },
        "createTime": 1724689164000,
        "state": 3,
        "ioStat": {
          "readRate": -1,
          "writeRate": -1,
          "readBytesRate": -1,
          "writeBytesRate": -1
        },
        "containerId": "1e4de88be41d323193b69a435771ef6958f9c45b6ce780829daa173be00e477e",
        "voluntaryCtxSwitches": 1319,
        "involuntaryCtxSwitches": 4,
        "processContext": [
          "process_context:nginx"
        ]
      },
      {
        "pid": 576960,
        "nsPid": 35,
        "command": {
          "args": [
            "nginx: worker process"
          ],
          "ppid": 576905,
          "comm": "nginx"
        },
        "user": {
          "name": "statd",
          "uid": 101,
          "gid": 101
        },
        "memory": {
          "rss": 2174976,
          "vms": 11907072,
          "shared": 524288,
          "text": 1392640,
          "data": 2252800
        },
        "cpu": {
          "lastCpu": "cpu",
          "numThreads": 1,
          "nice": 20
        },
        "createTime": 1724689164000,
        "state": 3,
        "ioStat": {
          "readRate": -1,
          "writeRate": -1,
          "readBytesRate": -1,
          "writeBytesRate": -1
        },
        "containerId": "1e4de88be41d323193b69a435771ef6958f9c45b6ce780829daa173be00e477e",
        "voluntaryCtxSwitches": 1003,
        "involuntaryCtxSwitches": 1,
        "processContext": [
          "process_context:nginx"
        ]
      },
      {
        "pid": 576967,
        "nsPid": 42,
        "command": {
          "args": [
            "nginx: worker process"
          ],
          "ppid": 576905,
          "comm": "nginx"
        },
        "user": {
          "name": "statd",
          "uid": 101,
          "gid": 101
        },
        "memory": {
          "rss": 2174976,
          "vms": 11907072,
          "shared": 524288,
          "text": 1392640,
          "data": 2252800
        },
        "cpu": {
          "lastCpu": "cpu",
          "numThreads": 1,
          "nice": 20
        },
        "createTime": 1724689164000,
        "state": 3,
        "ioStat": {
          "readRate": -1,
          "writeRate": -1,
          "readBytesRate": -1,
          "writeBytesRate": -1
        },
        "containerId": "1e4de88be41d323193b69a435771ef6958f9c45b6ce780829daa173be00e477e",
        "voluntaryCtxSwitches": 1257,
        "involuntaryCtxSwitches": 25,
        "processContext": [
          "process_context:nginx"
        ]
      },
      {
        "pid": 576957,
        "nsPid": 32,
        "command": {
          "args": [
            "nginx: worker process"
          ],
          "ppid": 576905,
          "comm": "nginx"
        },
        "user": {
          "name": "statd",
          "uid": 101,
          "gid": 101
        },
        "memory": {
          "rss": 2568192,
          "vms": 11907072,
          "shared": 917504,
          "text": 1392640,
          "data": 2252800
        },
        "cpu": {
          "lastCpu": "cpu",
          "numThreads": 1,
          "nice": 20
        },
        "createTime": 1724689164000,
        "state": 3,
        "ioStat": {
          "readRate": -1,
          "writeRate": -1,
          "readBytesRate": -1,
          "writeBytesRate": -1
        },
        "containerId": "1e4de88be41d323193b69a435771ef6958f9c45b6ce780829daa173be00e477e",
        "voluntaryCtxSwitches": 1161,
        "involuntaryCtxSwitches": 2,
        "processContext": [
          "process_context:nginx"
        ]
      },
      {
        "pid": 576958,
        "nsPid": 33,
        "command": {
          "args": [
            "nginx: worker process"
          ],
          "ppid": 576905,
          "comm": "nginx"
        },
        "user": {
          "name": "statd",
          "uid": 101,
          "gid": 101
        },
        "memory": {
          "rss": 2174976,
          "vms": 11907072,
          "shared": 524288,
          "text": 1392640,
          "data": 2252800
        },
        "cpu": {
          "lastCpu": "cpu",
          "numThreads": 1,
          "nice": 20
        },
        "createTime": 1724689164000,
        "state": 3,
        "ioStat": {
          "readRate": -1,
          "writeRate": -1,
          "readBytesRate": -1,
          "writeBytesRate": -1
        },
        "containerId": "1e4de88be41d323193b69a435771ef6958f9c45b6ce780829daa173be00e477e",
        "voluntaryCtxSwitches": 1195,
        "involuntaryCtxSwitches": 4,
        "processContext": [
          "process_context:nginx"
        ]
      },
      {
        "pid": 576962,
        "nsPid": 37,
        "command": {
          "args": [
            "nginx: worker process"
          ],
          "ppid": 576905,
          "comm": "nginx"
        },
        "user": {
          "name": "statd",
          "uid": 101,
          "gid": 101
        },
        "memory": {
          "rss": 2306048,
          "vms": 11907072,
          "shared": 655360,
          "text": 1392640,
          "data": 2252800
        },
        "cpu": {
          "lastCpu": "cpu",
          "numThreads": 1,
          "nice": 20
        },
        "createTime": 1724689164000,
        "state": 3,
        "ioStat": {
          "readRate": -1,
          "writeRate": -1,
          "readBytesRate": -1,
          "writeBytesRate": -1
        },
        "containerId": "1e4de88be41d323193b69a435771ef6958f9c45b6ce780829daa173be00e477e",
        "voluntaryCtxSwitches": 1255,
        "involuntaryCtxSwitches": 2,
        "processContext": [
          "process_context:nginx"
        ]
      },
      {
        "pid": 576961,
        "nsPid": 36,
        "command": {
          "args": [
            "nginx: worker process"
          ],
          "ppid": 576905,
          "comm": "nginx"
        },
        "user": {
          "name": "statd",
          "uid": 101,
          "gid": 101
        },
        "memory": {
          "rss": 2437120,
          "vms": 11907072,
          "shared": 786432,
          "text": 1392640,
          "data": 2252800
        },
        "cpu": {
          "lastCpu": "cpu",
          "numThreads": 1,
          "nice": 20
        },
        "createTime": 1724689164000,
        "state": 3,
        "ioStat": {
          "readRate": -1,
          "writeRate": -1,
          "readBytesRate": -1,
          "writeBytesRate": -1
        },
        "containerId": "1e4de88be41d323193b69a435771ef6958f9c45b6ce780829daa173be00e477e",
        "voluntaryCtxSwitches": 1188,
        "involuntaryCtxSwitches": 3,
        "processContext": [
          "process_context:nginx"
        ]
      },
      {
        "pid": 1578575,
        "nsPid": 1578575,
        "command": {
          "args": [
            "process-agent",
            "--cfgpath=/etc/datadog-agent/datadog.yaml"
          ],
          "cwd": "/",
          "ppid": 1578197,
          "exe": "/opt/datadog-agent/embedded/bin/process-agent",
          "comm": "process-agent"
        },
        "user": {
          "name": "root"
        },
        "memory": {
          "rss": 71700480,
          "vms": 2560819200,
          "shared": 16252928,
          "text": 76791808,
          "data": 237617152
        },
        "cpu": {
          "lastCpu": "cpu",
          "totalPct": 0.31565103,
          "userPct": 0.31565103,
          "numThreads": 17,
          "nice": 20
        },
        "createTime": 1724778977000,
        "state": 3,
        "ioStat": {
          "readRate": -1,
          "writeRate": -1,
          "readBytesRate": -1,
          "writeBytesRate": -1
        },
        "containerId": "f41e407bd3295bf2ae57090757caa9c4c4282c126363c4d7749477613d4ffa50",
        "voluntaryCtxSwitches": 1351,
        "involuntaryCtxSwitches": 9,
        "processContext": [
          "process_context:process-agent"
        ]
      },
      {
        "pid": 49892,
        "nsPid": 1,
        "command": {
          "args": [
            "/run/rosetta/rosetta",
            "/usr/lib/jvm/java-11-openjdk/bin/java",
            "/usr/bin/java",
            "--add-exports=java.base/jdk.internal.misc=ALL-UNNAMED",
            "--add-exports=java.base/sun.nio.ch=ALL-UNNAMED",
            "--add-exports=java.management/com.sun.jmx.mbeanserver=ALL-UNNAMED",
            "--add-exports=jdk.internal.jvmstat/sun.jvmstat.monitor=ALL-UNNAMED",
            "--add-exports=java.base/sun.reflect.generics.reflectiveObjects=ALL-UNNAMED",
            "--add-opens=jdk.management/com.sun.management.internal=ALL-UNNAMED",
            "--illegal-access=permit",
            "-DIGNITE_WAL_MMAP=false",
            "-DIGNITE_HOME=/opt/gridgain",
            "-cp",
            "/opt/gridgain/libs/optional/ignite-kubernetes/README.txt:/opt/gridgain/libs/optional/ignite-kubernetes/ignite-kubernetes-8.8.27.jar:/opt/gridgain/libs/optional/ignite-kubernetes/jackson-annotations-2.13.4.jar:/opt/gridgain/libs/optional/ignite-kubernetes/jackson-core-2.13.4.jar:/opt/gridgain/libs/optional/ignite-kubernetes/jackson-databind-2.13.4.2.jar:/opt/gridgain/libs/optional/ignite-kubernetes/licenses:/opt/gridgain/libs/optional/ignite-rest-http/README.txt:/opt/gridgain/libs/optional/ignite-rest-http/commons-lang3-3.9.jar:/opt/gridgain/libs/optional/ignite-rest-http/ignite-rest-http-8.8.27.jar:/opt/gridgain/libs/optional/ignite-rest-http/jackson-annotations-2.13.4.jar:/opt/gridgain/libs/optional/ignite-rest-http/jackson-core-2.13.4.jar:/opt/gridgain/libs/optional/ignite-rest-http/jackson-databind-2.13.4.2.jar:/opt/gridgain/libs/optional/ignite-rest-http/javax.servlet-api-3.1.0.jar:/opt/gridgain/libs/optional/ignite-rest-http/jetty-continuation-9.4.48.v20220622.jar:/opt/gridgain/libs/optional/ignite-rest-http/jetty-http-9.4.48.v20220622.jar:/opt/gridgain/libs/optional/ignite-rest-http/jetty-io-9.4.48.v20220622.jar:/opt/gridgain/libs/optional/ignite-rest-http/jetty-server-9.4.48.v20220622.jar:/opt/gridgain/libs/optional/ignite-rest-http/jetty-util-9.4.48.v20220622.jar:/opt/gridgain/libs/optional/ignite-rest-http/jetty-xml-9.4.48.v20220622.jar:/opt/gridgain/libs/optional/ignite-rest-http/licenses:/opt/gridgain/libs/optional/ignite-rest-http/log4j-api-2.17.1.jar:/opt/gridgain/libs/optional/ignite-rest-http/log4j-core-2.17.1.jar:/opt/gridgain/libs/optional/ignite-rest-http/log4j-slf4j-impl-2.17.1.jar:/opt/gridgain/libs/optional/ignite-rest-http/slf4j-api-1.7.32.jar:/opt/gridgain/libs/optional/control-center-agent/README.txt:/opt/gridgain/libs/optional/control-center-agent/commons-lang3-3.8.1.jar:/opt/gridgain/libs/optional/control-center-agent/commons-logging-1.2.jar:/opt/gridgain/libs/optional/control-center-agent/commons-vfs2-2.7.0.jar:/opt/gridgain/libs/optional/control-center-agent/control-center-agent-8.8.27.jar:/opt/gridgain/libs/optional/control-center-agent/httpclient-4.5.13.jar:/opt/gridgain/libs/optional/control-center-agent/httpcore-4.4.13.jar:/opt/gridgain/libs/optional/control-center-agent/jsch-0.1.55.jar:/opt/gridgain/libs/optional/control-center-agent/licenses:/opt/gridgain/libs/optional/control-center-agent/maven-artifact-3.8.3.jar:/opt/gridgain/libs/optional/control-center-agent/maven-builder-support-3.8.3.jar:/opt/gridgain/libs/optional/control-center-agent/maven-model-3.8.3.jar:/opt/gridgain/libs/optional/control-center-agent/maven-model-builder-3.8.3.jar:/opt/gridgain/libs/optional/control-center-agent/maven-resolver-api-1.6.3.jar:/opt/gridgain/libs/optional/control-center-agent/maven-resolver-connector-basic-1.6.3.jar:/opt/gridgain/libs/optional/control-center-agent/maven-resolver-impl-1.6.3.jar:/opt/gridgain/libs/optional/control-center-agent/maven-resolver-named-locks-1.7.2.jar:/opt/gridgain/libs/optional/control-center-agent/maven-resolver-provider-3.8.3.jar:/opt/gridgain/libs/optional/control-center-agent/maven-resolver-spi-1.6.3.jar:/opt/gridgain/libs/optional/control-center-agent/maven-resolver-transport-http-1.6.3.jar:/opt/gridgain/libs/optional/control-center-agent/maven-resolver-util-1.6.3.jar:/opt/gridgain/libs/optional/control-center-agent/plexus-interpolation-1.25.jar:/opt/gridgain/libs/optional/control-center-agent/plexus-utils-3.2.1.jar:/opt/gridgain/libs/optional/control-center-agent/slf4j-api-1.7.32.jar:/opt/gridgain/libs/optional/control-center-agent/tyrus-standalone-client-1.19.jar:/opt/gridgain/libs/*:/opt/gridgain/libs/external/*:/opt/gridgain/libs/ignite-control-utility/*:/opt/gridgain/libs/ignite-indexing/*:/opt/gridgain/libs/ignite-opencensus/*:/opt/gridgain/libs/ignite-spring/*:/opt/gridgain/libs/licenses/*",
            "org.apache.ignite.startup.cmdline.CommandLineStartup",
            "file:///ignite/config/ignite-node-cfg.xml"
          ],
          "ppid": 49843,
          "comm": "java"
        },
        "user": {
          "uid": 10000,
          "gid": 10000
        },
        "memory": {
          "rss": 937742336,
          "vms": 5314285568,
          "shared": 393216,
          "text": 385024,
          "data": 1881583616
        },
        "cpu": {
          "lastCpu": "cpu",
          "totalPct": 1.9991232,
          "userPct": 1.3678211,
          "systemPct": 0.63130206,
          "numThreads": 154,
          "nice": 20,
          "userTime": 3068,
          "systemTime": 1057
        },
        "createTime": 1724635752000,
        "state": 3,
        "ioStat": {
          "readRate": -1,
          "writeRate": -1,
          "readBytesRate": -1,
          "writeBytesRate": -1
        },
        "containerId": "1ed8df0d1c9875ff28e7789621c2ab92d9010ebaeebc54b2fbb523f5bf7edbdd",
        "voluntaryCtxSwitches": 64,
        "involuntaryCtxSwitches": 2,
        "processContext": [
          "process_context:rosetta"
        ]
      },
      {
        "pid": 1578626,
        "nsPid": 1578626,
        "command": {
          "args": [
            "/opt/datadog-agent/embedded/bin/system-probe",
            "--config=/etc/datadog-agent/system-probe.yaml"
          ],
          "ppid": 1578197,
          "comm": "system-probe"
        },
        "user": {
          "name": "root"
        },
        "memory": {
          "rss": 166789120,
          "vms": 2891759616,
          "shared": 22794240,
          "text": 111472640,
          "data": 352571392
        },
        "cpu": {
          "lastCpu": "cpu",
          "totalPct": 0.5260851,
          "userPct": 0.31565103,
          "systemPct": 0.21043402,
          "numThreads": 19,
          "nice": 20
        },
        "createTime": 1724778978000,
        "state": 3,
        "ioStat": {
          "readRate": -1,
          "writeRate": -1,
          "readBytesRate": -1,
          "writeBytesRate": -1
        },
        "containerId": "5405d334a0b01bcba8ee3c72a6119b6ffc63b119d993d21d650753da7aef3bb8",
        "voluntaryCtxSwitches": 1870,
        "involuntaryCtxSwitches": 10,
        "processContext": [
          "process_context:system-probe"
        ]
      },
      {
        "pid": 1291303,
        "nsPid": 65,
        "command": {
          "args": [
            "postgres: checkpointer "
          ],
          "ppid": 1291221,
          "comm": "postgres"
        },
        "user": {
          "uid": 999,
          "gid": 999
        },
        "memory": {
          "rss": 5672960,
          "vms": 226926592,
          "shared": 3276800,
          "text": 8937472,
          "data": 1929216
        },
        "cpu": {
          "lastCpu": "cpu",
          "numThreads": 1,
          "nice": 20
        },
        "createTime": 1724753227000,
        "state": 3,
        "ioStat": {
          "readRate": -1,
          "writeRate": -1,
          "readBytesRate": -1,
          "writeBytesRate": -1
        },
        "containerId": "663d511872d9b53bdc281efc09ba93e1b30cdc367a9780a5601c58be7bcda798",
        "voluntaryCtxSwitches": 158,
        "processContext": [
          "process_context:postgres"
        ]
      },
      {
        "pid": 1291306,
        "nsPid": 68,
        "command": {
          "args": [
            "postgres: walwriter "
          ],
          "ppid": 1291221,
          "comm": "postgres"
        },
        "user": {
          "uid": 999,
          "gid": 999
        },
        "memory": {
          "rss": 7639040,
          "vms": 226791424,
          "shared": 5242880,
          "text": 8937472,
          "data": 1794048
        },
        "cpu": {
          "lastCpu": "cpu",
          "numThreads": 1,
          "nice": 20
        },
        "createTime": 1724753227000,
        "state": 3,
        "ioStat": {
          "readRate": -1,
          "writeRate": -1,
          "readBytesRate": -1,
          "writeBytesRate": -1
        },
        "containerId": "663d511872d9b53bdc281efc09ba93e1b30cdc367a9780a5601c58be7bcda798",
        "voluntaryCtxSwitches": 5426,
        "involuntaryCtxSwitches": 2,
        "processContext": [
          "process_context:postgres"
        ]
      },
      {
        "pid": 1291308,
        "nsPid": 70,
        "command": {
          "args": [
            "postgres: logical replication launcher "
          ],
          "ppid": 1291221,
          "comm": "postgres"
        },
        "user": {
          "uid": 999,
          "gid": 999
        },
        "memory": {
          "rss": 5279744,
          "vms": 228409344,
          "shared": 2621440,
          "text": 8937472,
          "data": 2363392
        },
        "cpu": {
          "lastCpu": "cpu",
          "numThreads": 1,
          "nice": 20
        },
        "createTime": 1724753227000,
        "state": 3,
        "ioStat": {
          "readRate": -1,
          "writeRate": -1,
          "readBytesRate": -1,
          "writeBytesRate": -1
        },
        "containerId": "663d511872d9b53bdc281efc09ba93e1b30cdc367a9780a5601c58be7bcda798",
        "voluntaryCtxSwitches": 163,
        "processContext": [
          "process_context:postgres"
        ]
      },
      {
        "pid": 1291304,
        "nsPid": 66,
        "command": {
          "args": [
            "postgres: background writer "
          ],
          "ppid": 1291221,
          "comm": "postgres"
        },
        "user": {
          "uid": 999,
          "gid": 999
        },
        "memory": {
          "rss": 4755456,
          "vms": 226947072,
          "shared": 2359296,
          "text": 8937472,
          "data": 1949696
        },
        "cpu": {
          "lastCpu": "cpu",
          "numThreads": 1,
          "nice": 20
        },
        "createTime": 1724753227000,
        "state": 3,
        "ioStat": {
          "readRate": -1,
          "writeRate": -1,
          "readBytesRate": -1,
          "writeBytesRate": -1
        },
        "containerId": "663d511872d9b53bdc281efc09ba93e1b30cdc367a9780a5601c58be7bcda798",
        "voluntaryCtxSwitches": 5643,
        "involuntaryCtxSwitches": 1,
        "processContext": [
          "process_context:postgres"
        ]
      },
      {
        "pid": 1291221,
        "nsPid": 1,
        "command": {
          "args": [
            "postgres"
          ],
          "ppid": 1291169,
          "comm": "postgres"
        },
        "user": {
          "uid": 999,
          "gid": 999
        },
        "memory": {
          "rss": 14942208,
          "vms": 226791424,
          "shared": 12582912,
          "text": 8937472,
          "data": 1794048
        },
        "cpu": {
          "lastCpu": "cpu",
          "numThreads": 1,
          "nice": 20,
          "systemTime": 3
        },
        "createTime": 1724753227000,
        "state": 3,
        "ioStat": {
          "readRate": -1,
          "writeRate": -1,
          "readBytesRate": -1,
          "writeBytesRate": -1
        },
        "containerId": "663d511872d9b53bdc281efc09ba93e1b30cdc367a9780a5601c58be7bcda798",
        "voluntaryCtxSwitches": 8776,
        "involuntaryCtxSwitches": 39,
        "processContext": [
          "process_context:postgres"
        ]
      },
      {
        "pid": 1291307,
        "nsPid": 69,
        "command": {
          "args": [
            "postgres: autovacuum launcher "
          ],
          "ppid": 1291221,
          "comm": "postgres"
        },
        "user": {
          "uid": 999,
          "gid": 999
        },
        "memory": {
          "rss": 6197248,
          "vms": 228421632,
          "shared": 3538944,
          "text": 8937472,
          "data": 2375680
        },
        "cpu": {
          "lastCpu": "cpu",
          "numThreads": 1,
          "nice": 20
        },
        "createTime": 1724753227000,
        "state": 3,
        "ioStat": {
          "readRate": -1,
          "writeRate": -1,
          "readBytesRate": -1,
          "writeBytesRate": -1
        },
        "containerId": "663d511872d9b53bdc281efc09ba93e1b30cdc367a9780a5601c58be7bcda798",
        "voluntaryCtxSwitches": 2596,
        "processContext": [
          "process_context:postgres"
        ]
      },
      {
        "pid": 469,
        "nsPid": 1,
        "command": {
          "args": [
            "/bin/kindnetd"
          ],
          "ppid": 293,
          "comm": "kindnetd"
        },
        "user": {
          "name": "root"
        },
        "memory": {
          "rss": 18546688,
          "vms": 759685120,
          "shared": 4980736,
          "text": 14503936,
          "data": 53919744
        },
        "cpu": {
          "lastCpu": "cpu",
          "totalPct": 0.10521701,
          "userPct": 0.10521701,
          "numThreads": 14,
          "nice": 20,
          "userTime": 37,
          "systemTime": 19
        },
        "createTime": 1724628649000,
        "state": 3,
        "ioStat": {
          "readRate": -1,
          "writeRate": -1,
          "readBytesRate": -1,
          "writeBytesRate": -1
        },
        "containerId": "824c53928750de386daac7f4ed021809024360be66f38a735fd2c30b094469cb",
        "voluntaryCtxSwitches": 18728,
        "involuntaryCtxSwitches": 88,
        "processContext": [
          "process_context:kindnetd"
        ]
      },
      {
        "pid": 1578528,
        "nsPid": 1578528,
        "command": {
          "args": [
            "trace-agent",
            "-config=/etc/datadog-agent/datadog.yaml"
          ],
          "cwd": "/",
          "ppid": 1578197,
          "exe": "/opt/datadog-agent/embedded/bin/trace-agent",
          "comm": "trace-agent"
        },
        "user": {
          "name": "root"
        },
        "memory": {
          "rss": 58908672,
          "vms": 2542149632,
          "shared": 19005440,
          "text": 67260416,
          "data": 220090368
        },
        "cpu": {
          "lastCpu": "cpu",
          "totalPct": 0.7365191,
          "userPct": 0.5260851,
          "systemPct": 0.21043402,
          "numThreads": 17,
          "nice": 20
        },
        "createTime": 1724778977000,
        "state": 3,
        "ioStat": {
          "readRate": -1,
          "writeRate": -1,
          "readBytesRate": -1,
          "writeBytesRate": -1
        },
        "containerId": "060e140eccd57c419df7f0837de9457c716c27d79747c5e471cb3e147ccff5a1",
        "voluntaryCtxSwitches": 918,
        "involuntaryCtxSwitches": 22,
        "processContext": [
          "process_context:trace-agent"
        ]
      },
      {
        "pid": 379,
        "nsPid": 1,
        "command": {
          "args": [
            "/usr/local/bin/kube-proxy",
            "--config=/var/lib/kube-proxy/config.conf",
            "--hostname-override=local-worker2"
          ],
          "ppid": 287,
          "comm": "kube-proxy"
        },
        "user": {
          "name": "root"
        },
        "memory": {
          "rss": 24743936,
          "vms": 1315868672,
          "shared": 4718592,
          "text": 25690112,
          "data": 60051456
        },
        "cpu": {
          "lastCpu": "cpu",
          "totalPct": 0.10521701,
          "systemPct": 0.10521701,
          "numThreads": 14,
          "nice": 20,
          "userTime": 21,
          "systemTime": 18
        },
        "createTime": 1724628649000,
        "state": 3,
        "ioStat": {
          "readRate": -1,
          "writeRate": -1,
          "readBytesRate": -1,
          "writeBytesRate": -1
        },
        "containerId": "0b7626ca1769c3a435021fd41d2e52fe259349ee7fc5f846533b4c9c6f19f94c",
        "voluntaryCtxSwitches": 32040,
        "involuntaryCtxSwitches": 374,
        "processContext": [
          "process_context:kube-proxy"
        ]
      },
      {
        "pid": 1272697,
        "nsPid": 1,
        "command": {
          "args": [
            "/run/rosetta/rosetta",
            "/usr/local/bin/ruby",
            "ruby",
            "bin/rails",
            "s",
            "-p",
            "3000",
            "-b",
            "0.0.0.0"
          ],
          "cwd": "/server",
          "ppid": 1272647,
          "exe": "/run/rosetta/rosetta",
          "comm": "ruby"
        },
        "user": {
          "name": "root"
        },
        "memory": {
          "rss": 104239104,
          "vms": 1641484288,
          "shared": 917504,
          "text": 385024,
          "data": 869842944
        },
        "cpu": {
          "lastCpu": "cpu",
          "numThreads": 13,
          "nice": 20,
          "userTime": 10,
          "systemTime": 1
        },
        "createTime": 1724751551000,
        "state": 3,
        "ioStat": {
          "readRate": -1,
          "writeRate": -1,
          "readBytesRate": -1,
          "writeBytesRate": -1
        },
        "containerId": "25e8c301e77bb1eb9788a4037cd570e4e7b93edba9216ee3771fbf409b9f8991",
        "voluntaryCtxSwitches": 1400,
        "involuntaryCtxSwitches": 59,
        "processContext": [
          "process_context:rosetta"
        ]
      },
      {
        "pid": 1211997,
        "nsPid": 1,
        "command": {
          "args": [
            "/dashboard",
            "--insecure-bind-address=0.0.0.0",
            "--bind-address=0.0.0.0",
            "--auto-generate-certificates",
            "--namespace=kubernetes-dashboard",
            "--enable-skip-login",
            "--disable-settings-authorizer",
            "--enable-insecure-login",
            "--token-ttl=0"
          ],
          "ppid": 4059,
          "comm": "dashboard"
        },
        "user": {
          "uid": 1001,
          "gid": 2001
        },
        "memory": {
          "rss": 19460096,
          "vms": 767094784,
          "shared": 4194304,
          "text": 17453056,
          "data": 54210560
        },
        "cpu": {
          "lastCpu": "cpu",
          "numThreads": 10,
          "nice": 20,
          "userTime": 7,
          "systemTime": 2
        },
        "createTime": 1724746546000,
        "state": 3,
        "ioStat": {
          "readRate": -1,
          "writeRate": -1,
          "readBytesRate": -1,
          "writeBytesRate": -1
        },
        "containerId": "b4075a4c0098c4deb8567005dde19df9d010a15e60bc1c9833afd4f3faa3d2c2",
        "voluntaryCtxSwitches": 9733,
        "involuntaryCtxSwitches": 49,
        "processContext": [
          "process_context:dashboard"
        ]
      },
      {
        "pid": 1578671,
        "nsPid": 1578671,
        "command": {
          "args": [
            "security-agent",
            "start",
            "-c=/etc/datadog-agent/datadog.yaml"
          ],
          "ppid": 1578197,
          "comm": "security-agent"
        },
        "user": {
          "name": "root"
        },
        "memory": {
          "rss": 63881216,
          "vms": 2567950336,
          "shared": 17694720,
          "text": 91197440,
          "data": 234536960
        },
        "cpu": {
          "lastCpu": "cpu",
          "totalPct": 0.8417361,
          "userPct": 0.7365191,
          "systemPct": 0.10521701,
          "numThreads": 17,
          "nice": 20,
          "userTime": 2
        },
        "createTime": 1724778978000,
        "state": 3,
        "ioStat": {
          "readRate": -1,
          "writeRate": -1,
          "readBytesRate": -1,
          "writeBytesRate": -1
        },
        "containerId": "c081d6764618185a8739e45ce6851e58d80329664c259d6f6aa191fe07e4f361",
        "voluntaryCtxSwitches": 1231,
        "involuntaryCtxSwitches": 53,
        "processContext": [
          "process_context:security-agent"
        ]
      }
    ],
    "info": {
      "uuid": "d72f609f-fae4-489c-ae8b-f57a31d12fc6",
      "os": {
        "name": "linux",
        "platform": "debian",
        "family": "debian",
        "version": "12",
        "kernelVersion": "6.6.32-linuxkit"
      },
      "cpus": [
        {
          "cores": 1
        },
        {
          "cores": 1
        },
        {
          "cores": 1
        },
        {
          "cores": 1
        },
        {
          "cores": 1
        },
        {
          "cores": 1
        },
        {
          "cores": 1
        },
        {
          "cores": 1
        },
        {
          "cores": 1
        },
        {
          "cores": 1
        },
        {
          "cores": 1
        },
        {
          "cores": 1
        }
      ],
      "totalMemory": 8221356032
    },
    "groupId": 1519034610,
    "groupSize": 1,
    "containers": [
      {
        "type": "containerd",
        "id": "1e4de88be41d323193b69a435771ef6958f9c45b6ce780829daa173be00e477e",
        "state": 3,
        "created": 1724346842,
        "netRcvdPs": 0.5995806,
        "netSentPs": 0.3997204,
        "netRcvdBps": 55.960854,
        "netSentBps": 52.663162,
        "userPct": 0.00038979208,
        "systemPct": 0.0015191896,
        "totalPct": 0.0019089817,
        "memRss": 8548352,
        "memCache": 1163264,
        "started": 1724346842,
        "tags": [
          "kube_container_name:nginx",
          "short_image:nginx",
          "kube_service:nginx-svc",
          "pdnamespace:nginx",
          "image_tag:latest",
          "kube_ownerref_kind:replicaset",
          "pod_phase:running",
          "kube_qos:BestEffort",
          "image_id:********@sha256:447a8665cc1dab95b1ca778e162215839ccbb9189104c79d7ec3a81e14577add",
          "kube_deployment:nginx-deployment",
          "kube_replica_set:nginx-deployment-5b69cd8969",
          "kube_namespace:nginx",
          "image_name:nginx",
          "pod_name:nginx-deployment-5b69cd8969-kr887",
          "kube_ownerref_name:nginx-deployment-5b69cd8969",
          "container_id:1e4de88be41d323193b69a435771ef6958f9c45b6ce780829daa173be00e477e",
          "display_container_name:nginx_nginx-deployment-5b69cd8969-kr887",
          "container_name:nginx"
        ],
        "addresses": [
          {
            "ip": "10.244.2.36",
            "port": 81
          }
        ],
        "threadCount": 13,
        "threadLimit": 9401,
        "memUsage": 11255808,
        "cpuUsageNs": 19089.816,
        "memAccounted": 10096640,
        "repoDigest": "sha256:447a8665cc1dab95b1ca778e162215839ccbb9189104c79d7ec3a81e14577add"
      },
      {
        "type": "containerd",
        "id": "f41e407bd3295bf2ae57090757caa9c4c4282c126363c4d7749477613d4ffa50",
        "state": 3,
        "created": 1724778978,
        "rbps": 356234.56,
        "wbps": 818.93005,
        "netRcvdPs": 43.581875,
        "netSentPs": 44.681416,
        "netRcvdBps": 88474.51,
        "netSentBps": 135829.11,
        "userPct": 0.3028502,
        "systemPct": 0.059410416,
        "totalPct": 0.36226058,
        "memRss": 56164352,
        "memCache": 20606976,
        "started": 1724778978,
        "tags": [
          "pdnamespace:default",
          "kube_app_component:agent",
          "kube_ownerref_kind:daemonset",
          "kube_app_managed_by:Helm",
          "kube_daemon_set:kind-datadog",
          "kube_service:kind-datadog",
          "kube_qos:BestEffort",
          "kube_container_name:process-agent",
          "kube_app_instance:kind",
          "image_name:gcr.io/datadoghq/agent",
          "image_id:********@sha256:569ff5d3908115e467230089d6dd3e3b4e6c9f2570abcd1fabab8bbe88864e03",
          "image_tag:7.55.2-jmx",
          "pod_phase:running",
          "kube_namespace:default",
          "kube_app_name:kind-datadog",
          "short_image:agent",
          "git.commit.sha:"***********************************36856"",
          "git.repository_url:https://github.com/DataDog/datadog-agent",
          "pod_name:kind-datadog-648gw",
          "kube_ownerref_name:kind-datadog",
          "display_container_name:process-agent_kind-datadog-648gw",
          "container_id:f41e407bd3295bf2ae57090757caa9c4c4282c126363c4d7749477613d4ffa50",
          "container_name:process-agent"
        ],
        "threadCount": 17,
        "threadLimit": 9401,
        "memUsage": 78024704,
        "cpuUsageNs": 3622606,
        "memAccounted": 67895296,
        "repoDigest": "sha256:569ff5d3908115e467230089d6dd3e3b4e6c9f2570abcd1fabab8bbe88864e03"
      },
      {
        "type": "containerd",
        "id": "1ed8df0d1c9875ff28e7789621c2ab92d9010ebaeebc54b2fbb523f5bf7edbdd",
        "state": 3,
        "created": 1724246681,
        "wbps": 1228.5713,
        "netRcvdPs": 8.8993025,
        "netSentPs": 9.299272,
        "netRcvdBps": 2408.2114,
        "netSentBps": 2483.6055,
        "userPct": 1.0873375,
        "systemPct": 0.4741817,
        "totalPct": 1.5615093,
        "memRss": 937009152,
        "memCache": 86016,
        "started": 1724246681,
        "tags": [
          "persistentvolumeclaim:walarchive-vol-ignite-cluster-0",
          "persistentvolumeclaim:wal-vol-ignite-cluster-0",
          "pod_phase:running",
          "kube_qos:BestEffort",
          "pdnamespace:ignite-namespace",
          "kube_service:ignite-service",
          "kube_container_name:ignite-node",
          "image_tag:8.8.27",
          "image_name:gridgain/community",
          "short_image:community",
          "kube_namespace:ignite-namespace",
          "kube_ownerref_kind:statefulset",
          "persistentvolumeclaim:storage-vol-ignite-cluster-0",
          "persistentvolumeclaim:work-vol-ignite-cluster-0",
          "kube_stateful_set:ignite-cluster",
          "image_id:********@sha256:6cea072d41963159d9cf1287e4c11572759712900c9cf1f92aad17fc27a4247d",
          "pod_name:ignite-cluster-0",
          "kube_ownerref_name:ignite-cluster",
          "container_id:1ed8df0d1c9875ff28e7789621c2ab92d9010ebaeebc54b2fbb523f5bf7edbdd",
          "display_container_name:ignite-node_ignite-cluster-0",
          "container_name:ignite-node"
        ],
        "addresses": [
          {
            "ip": "10.244.2.26",
            "port": 47100
          },
          {
            "ip": "10.244.2.26",
            "port": 47500
          },
          {
            "ip": "10.244.2.26",
            "port": 49112
          },
          {
            "ip": "10.244.2.26",
            "port": 10800
          },
          {
            "ip": "10.244.2.26",
            "port": 8080
          }
        ],
        "threadCount": 154,
        "threadLimit": 9401,
        "memUsage": 944799744,
        "cpuUsageNs": 15615093,
        "memAccounted": 944721920,
        "repoDigest": "sha256:6cea072d41963159d9cf1287e4c11572759712900c9cf1f92aad17fc27a4247d"
      },
      {
        "type": "containerd",
        "id": "5405d334a0b01bcba8ee3c72a6119b6ffc63b119d993d21d650753da7aef3bb8",
        "state": 3,
        "created": 1724778978,
        "rbps": 1105431.6,
        "netRcvdPs": 43.597256,
        "netSentPs": 44.697186,
        "netRcvdBps": 88505.73,
        "netSentBps": 135877.05,
        "userPct": 0.27398047,
        "systemPct": 0.1809971,
        "totalPct": 0.45497757,
        "memRss": 144646144,
        "memCache": 23842816,
        "started": 1724778978,
        "tags": [
          "kube_service:kind-datadog",
          "kube_namespace:default",
          "image_tag:7.55.2-jmx",
          "kube_app_instance:kind",
          "pdnamespace:default",
          "kube_container_name:system-probe",
          "kube_daemon_set:kind-datadog",
          "kube_app_component:agent",
          "kube_app_managed_by:Helm",
          "image_id:********@sha256:569ff5d3908115e467230089d6dd3e3b4e6c9f2570abcd1fabab8bbe88864e03",
          "pod_phase:running",
          "kube_ownerref_kind:daemonset",
          "kube_qos:BestEffort",
          "kube_app_name:kind-datadog",
          "image_name:gcr.io/datadoghq/agent",
          "short_image:agent",
          "git.commit.sha:"***********************************36856"",
          "git.repository_url:https://github.com/DataDog/datadog-agent",
          "pod_name:kind-datadog-648gw",
          "kube_ownerref_name:kind-datadog",
          "container_id:5405d334a0b01bcba8ee3c72a6119b6ffc63b119d993d21d650753da7aef3bb8",
          "display_container_name:system-probe_kind-datadog-648gw",
          "container_name:system-probe"
        ],
        "threadCount": 19,
        "threadLimit": 9401,
        "memUsage": 310026240,
        "cpuUsageNs": 4549775.5,
        "memAccounted": 305561600,
        "repoDigest": "sha256:569ff5d3908115e467230089d6dd3e3b4e6c9f2570abcd1fabab8bbe88864e03"
      },
      {
        "type": "containerd",
        "id": "663d511872d9b53bdc281efc09ba93e1b30cdc367a9780a5601c58be7bcda798",
        "state": 3,
        "created": 1724703828,
        "rbps": 1126662,
        "netRcvdPs": 1.7001662,
        "netSentPs": 1.300127,
        "netRcvdBps": 161.6158,
        "netSentBps": 131.71288,
        "userPct": 0.022155153,
        "systemPct": 0.17410049,
        "totalPct": 0.19624564,
        "memRss": 4554752,
        "memCache": 31854592,
        "started": 1724703828,
        "tags": [
          "kube_ownerref_kind:replicaset",
          "pod_phase:running",
          "pdcomponent:postgresdb",
          "image_name:ccdaniele/pdrace-postgres",
          "short_image:pdrace-postgres",
          "kube_namespace:default",
          "image_id:********@sha256:d1ecc67a80f7774715a4d1f250641642379a7ea791d747eb996e5e18a6e8659b",
          "kube_deployment:postgresdb",
          "pdnamespace:default",
          "kube_container_name:postgresdb",
          "image_tag:docker-v1-arm64",
          "kube_service:postgresdb-svc",
          "kube_replica_set:postgresdb-88647cc65",
          "kube_qos:BestEffort",
          "pod_name:postgresdb-88647cc65-4ns6l",
          "kube_ownerref_name:postgresdb-88647cc65",
          "container_id:663d511872d9b53bdc281efc09ba93e1b30cdc367a9780a5601c58be7bcda798",
          "display_container_name:postgresdb_postgresdb-88647cc65-4ns6l",
          "container_name:postgresdb"
        ],
        "addresses": [
          {
            "ip": "10.244.2.65",
            "port": 5432
          }
        ],
        "threadCount": 6,
        "threadLimit": 9401,
        "memUsage": 40980480,
        "cpuUsageNs": 1962456.5,
        "memAccounted": 35971072,
        "repoDigest": "sha256:d1ecc67a80f7774715a4d1f250641642379a7ea791d747eb996e5e18a6e8659b"
      },
      {
        "type": "containerd",
        "id": "59be02ec44b26610c24ffaea13f6d1a6053afd807db262e00ea705e53b103090",
        "state": 3,
        "created": 1724778978,
        "rbps": 6967223,
        "wbps": 321904.38,
        "userPct": 160.52681,
        "systemPct": 18.993158,
        "totalPct": 179.51996,
        "memRss": 393629696,
        "memCache": 140787712,
        "started": 1724778978,
        "tags": [
          "pdnamespace:default",
          "kube_service:kind-datadog",
          "kube_app_component:agent",
          "kube_ownerref_kind:daemonset",
          "kube_container_name:agent",
          "image_name:gcr.io/datadoghq/agent",
          "pod_phase:running",
          "kube_qos:BestEffort",
          "kube_app_managed_by:Helm",
          "kube_app_name:kind-datadog",
          "short_image:agent",
          "image_id:********@sha256:569ff5d3908115e467230089d6dd3e3b4e6c9f2570abcd1fabab8bbe88864e03",
          "kube_app_instance:kind",
          "kube_daemon_set:kind-datadog",
          "kube_namespace:default",
          "image_tag:7.55.2-jmx",
          "git.commit.sha:"***********************************36856"",
          "git.repository_url:https://github.com/DataDog/datadog-agent",
          "pod_name:kind-datadog-648gw",
          "kube_ownerref_name:kind-datadog",
          "container_id:59be02ec44b26610c24ffaea13f6d1a6053afd807db262e00ea705e53b103090",
          "display_container_name:agent_kind-datadog-648gw",
          "container_name:agent"
        ],
        "addresses": [
          {
            "ip": "10.244.2.67",
            "port": 8125
          }
        ],
        "threadCount": 65,
        "threadLimit": 9401,
        "memUsage": 551428096,
        "cpuUsageNs": 1795199600,
        "memAccounted": 521048064,
        "repoDigest": "sha256:569ff5d3908115e467230089d6dd3e3b4e6c9f2570abcd1fabab8bbe88864e03"
      },
      {
        "type": "containerd",
        "id": "824c53928750de386daac7f4ed021809024360be66f38a735fd2c30b094469cb",
        "cpuLimit": 10,
        "memoryLimit": 52428800,
        "state": 3,
        "created": 1724204299,
        "rbps": 10650.755,
        "netRcvdPs": 100.609505,
        "netSentPs": 99.60941,
        "netRcvdBps": 152609.52,
        "netSentBps": 228668.2,
        "userPct": 0.0056506125,
        "systemPct": 0.0069307513,
        "totalPct": 0.012571363,
        "memRss": 14258176,
        "memCache": 5795840,
        "started": 1724204299,
        "tags": [
          "kube_daemon_set:kindnet",
          "pod_phase:running",
          "kube_container_name:kindnet-cni",
          "image_name:docker.io/kindest/kindnetd",
          "short_image:kindnetd",
          "image_id:sha256:4740c1948d3fceb8d7dacc63033aa6299d80794ee4f4811539ec1081d9211f3d",
          "kube_qos:Guaranteed",
          "pdnamespace:kube-system",
          "kube_ownerref_kind:daemonset",
          "kube_namespace:kube-system",
          "image_tag:v20240202-8f1494ea",
          "kube_ownerref_name:kindnet",
          "pod_name:kindnet-jn2xr",
          "container_id:824c53928750de386daac7f4ed021809024360be66f38a735fd2c30b094469cb",
          "display_container_name:kindnet-cni_kindnet-jn2xr",
          "container_name:kindnet-cni"
        ],
        "threadCount": 14,
        "threadLimit": 9401,
        "memUsage": 20652032,
        "cpuUsageNs": 125713.63,
        "memAccounted": 19353600,
        "cpuRequest": 10,
        "memoryRequest": 52428800,
        "repoDigest": "sha256:61f9956af8019caf6dcc4d39b31857b868aaab80521432ddcc216b805c4f7988"
      },
      {
        "type": "containerd",
        "id": "060e140eccd57c419df7f0837de9457c716c27d79747c5e471cb3e147ccff5a1",
        "state": 3,
        "created": 1724778978,
        "rbps": 1098513.9,
        "wbps": 409.43494,
        "netRcvdPs": 43.58241,
        "netSentPs": 44.68197,
        "netRcvdBps": 88475.59,
        "netSentBps": 135830.78,
        "userPct": 0.47271943,
        "systemPct": 0.22962742,
        "totalPct": 0.70234686,
        "memRss": 40927232,
        "memCache": 24952832,
        "started": 1724778978,
        "tags": [
          "kube_service:kind-datadog",
          "kube_namespace:default",
          "kube_ownerref_kind:daemonset",
          "kube_container_name:trace-agent",
          "kube_app_managed_by:Helm",
          "kube_app_component:agent",
          "short_image:agent",
          "image_tag:7.55.2-jmx",
          "image_id:********@sha256:569ff5d3908115e467230089d6dd3e3b4e6c9f2570abcd1fabab8bbe88864e03",
          "pod_phase:running",
          "kube_app_instance:kind",
          "pdnamespace:default",
          "kube_qos:BestEffort",
          "image_name:gcr.io/datadoghq/agent",
          "kube_daemon_set:kind-datadog",
          "kube_app_name:kind-datadog",
          "git.commit.sha:"***********************************36856"",
          "git.repository_url:https://github.com/DataDog/datadog-agent",
          "pod_name:kind-datadog-648gw",
          "kube_ownerref_name:kind-datadog",
          "container_id:060e140eccd57c419df7f0837de9457c716c27d79747c5e471cb3e147ccff5a1",
          "display_container_name:trace-agent_kind-datadog-648gw",
          "container_name:trace-agent"
        ],
        "addresses": [
          {
            "ip": "10.244.2.67",
            "port": 8126
          }
        ],
        "threadCount": 17,
        "threadLimit": 9401,
        "memUsage": 67002368,
        "cpuUsageNs": 7023468.5,
        "memAccounted": 51351552,
        "repoDigest": "sha256:569ff5d3908115e467230089d6dd3e3b4e6c9f2570abcd1fabab8bbe88864e03"
      },
      {
        "type": "containerd",
        "id": "0b7626ca1769c3a435021fd41d2e52fe259349ee7fc5f846533b4c9c6f19f94c",
        "state": 3,
        "created": 1724204299,
        "rbps": 505223.34,
        "netRcvdPs": 100.55516,
        "netSentPs": 99.5556,
        "netRcvdBps": 152527.08,
        "netSentBps": 228544.67,
        "userPct": 0.0002298985,
        "systemPct": 0.05154724,
        "totalPct": 0.05177714,
        "memRss": 20459520,
        "memCache": 8994816,
        "started": 1724204299,
        "tags": [
          "kube_container_name:kube-proxy",
          "image_name:registry.k8s.io/kube-proxy",
          "image_tag:v1.30.0",
          "kube_namespace:kube-system",
          "pod_phase:running",
          "kube_priority_class:system-node-critical",
          "pdnamespace:kube-system",
          "kube_ownerref_kind:daemonset",
          "kube_qos:BestEffort",
          "kube_daemon_set:kube-proxy",
          "short_image:kube-proxy",
          "image_id:********@sha256:b7267730b5d235ec9500112663c8b244e2d09f0d9f92f1c6bb5caadf73d7a90c",
          "pod_name:kube-proxy-bddhr",
          "kube_ownerref_name:kube-proxy",
          "display_container_name:kube-proxy_kube-proxy-bddhr",
          "container_id:0b7626ca1769c3a435021fd41d2e52fe259349ee7fc5f846533b4c9c6f19f94c",
          "container_name:kube-proxy"
        ],
        "threadCount": 14,
        "threadLimit": 9401,
        "memUsage": 30543872,
        "cpuUsageNs": 517771.4,
        "memAccounted": 28225536,
        "repoDigest": "sha256:b7267730b5d235ec9500112663c8b244e2d09f0d9f92f1c6bb5caadf73d7a90c"
      },
      {
        "type": "containerd",
        "id": "25e8c301e77bb1eb9788a4037cd570e4e7b93edba9216ee3771fbf409b9f8991",
        "state": 3,
        "created": 1724702152,
        "rbps": 13107.558,
        "userPct": 0.012750348,
        "totalPct": 0.012750348,
        "memRss": 104013824,
        "memCache": 135168,
        "started": 1724702152,
        "tags": [
          "image_id:********@sha256:f8d3fb46c686b7202d866b85b93dfc90f7e47f991e19824c5f58af4253ccfbb1",
          "kube_ownerref_kind:replicaset",
          "kube_service:pdserver-svc",
          "pod_phase:running",
          "kube_replica_set:pdserver-bdc89dfcf",
          "image_name:ccdaniele/pdrace-server",
          "kube_deployment:pdserver",
          "kube_namespace:default",
          "image_tag:v2a-amd64",
          "kube_qos:BestEffort",
          "pdcomponent:pdserver",
          "short_image:pdrace-server",
          "pdnamespace:default",
          "kube_container_name:pdserver",
          "pod_name:pdserver-bdc89dfcf-v4bdb",
          "kube_ownerref_name:pdserver-bdc89dfcf",
          "container_id:25e8c301e77bb1eb9788a4037cd570e4e7b93edba9216ee3771fbf409b9f8991",
          "display_container_name:pdserver_pdserver-bdc89dfcf-v4bdb",
          "container_name:pdserver"
        ],
        "addresses": [
          {
            "ip": "10.244.2.64",
            "port": 3000
          }
        ],
        "threadCount": 13,
        "threadLimit": 9401,
        "memUsage": 108695552,
        "cpuUsageNs": 127503.48,
        "memAccounted": 108691456,
        "repoDigest": "sha256:f8d3fb46c686b7202d866b85b93dfc90f7e47f991e19824c5f58af4253ccfbb1"
      },
      {
        "type": "containerd",
        "id": "b4075a4c0098c4deb8567005dde19df9d010a15e60bc1c9833afd4f3faa3d2c2",
        "state": 3,
        "created": 1724697147,
        "rbps": 1637.8481,
        "wbps": 818.9241,
        "netRcvdPs": 1.1996014,
        "netSentPs": 0.89970106,
        "netRcvdBps": 130.85652,
        "netSentBps": 292.40283,
        "userPct": 0.0025691343,
        "systemPct": 0.02413187,
        "totalPct": 0.026701003,
        "memRss": 15466496,
        "memCache": 4415488,
        "started": 1724697147,
        "tags": [
          "pdnamespace:kubernetes-dashboard",
          "image_name:kubernetesui/dashboard",
          "short_image:dashboard",
          "image_tag:v2.7.0",
          "image_id:********@sha256:2e500d29e9d5f4a086b908eb8dfe7ecac57d2ab09d65b24f588b1d449841ef93",
          "kube_replica_set:kubernetes-dashboard-6d6bbddd49",
          "pod_phase:running",
          "kube_service:kubernetes-dashboard",
          "kube_deployment:kubernetes-dashboard",
          "kube_container_name:kubernetes-dashboard",
          "kube_qos:BestEffort",
          "kube_namespace:kubernetes-dashboard",
          "kube_ownerref_kind:replicaset",
          "pod_name:kubernetes-dashboard-6d6bbddd49-h2nfh",
          "kube_ownerref_name:kubernetes-dashboard-6d6bbddd49",
          "container_id:b4075a4c0098c4deb8567005dde19df9d010a15e60bc1c9833afd4f3faa3d2c2",
          "display_container_name:kubernetes-dashboard_kubernetes-dashboard-6d6bbddd49-h2nfh",
          "container_name:kubernetes-dashboard"
        ],
        "addresses": [
          {
            "ip": "10.244.2.9",
            "port": 8443
          }
        ],
        "threadCount": 10,
        "threadLimit": 9401,
        "memUsage": 20426752,
        "cpuUsageNs": 267010.03,
        "memAccounted": 17780736,
        "repoDigest": "sha256:2e500d29e9d5f4a086b908eb8dfe7ecac57d2ab09d65b24f588b1d449841ef93"
      },
      {
        "type": "containerd",
        "id": "c081d6764618185a8739e45ce6851e58d80329664c259d6f6aa191fe07e4f361",
        "state": 3,
        "created": 1724778978,
        "rbps": 1486683.6,
        "wbps": 818.88385,
        "netRcvdPs": 43.58333,
        "netSentPs": 44.682907,
        "netRcvdBps": 88477.45,
        "netSentBps": 135833.64,
        "userPct": 0.76683396,
        "systemPct": 0.13939619,
        "totalPct": 0.90623015,
        "memRss": 46608384,
        "memCache": 23310336,
        "started": 1724778978,
        "tags": [
          "kube_app_component:agent",
          "kube_ownerref_kind:daemonset",
          "image_name:gcr.io/datadoghq/agent",
          "kube_daemon_set:kind-datadog",
          "kube_app_instance:kind",
          "kube_app_managed_by:Helm",
          "kube_container_name:security-agent",
          "kube_qos:BestEffort",
          "short_image:agent",
          "image_tag:7.55.2-jmx",
          "image_id:********@sha256:569ff5d3908115e467230089d6dd3e3b4e6c9f2570abcd1fabab8bbe88864e03",
          "kube_service:kind-datadog",
          "pod_phase:running",
          "pdnamespace:default",
          "kube_app_name:kind-datadog",
          "kube_namespace:default",
          "git.repository_url:https://github.com/DataDog/datadog-agent",
          "git.commit.sha:"***********************************36856"",
          "pod_name:kind-datadog-648gw",
          "kube_ownerref_name:kind-datadog",
          "container_id:c081d6764618185a8739e45ce6851e58d80329664c259d6f6aa191fe07e4f361",
          "display_container_name:security-agent_kind-datadog-648gw",
          "container_name:security-agent"
        ],
        "threadCount": 17,
        "threadLimit": 9401,
        "memUsage": 71262208,
        "cpuUsageNs": 9062302,
        "memAccounted": 65310720,
        "repoDigest": "sha256:569ff5d3908115e467230089d6dd3e3b4e6c9f2570abcd1fabab8bbe88864e03"
      }
    ],
    "Hints": {}
  }
]