{"Version":2,"Registry":{"file:/var/log/pods/default_kind-datadog-648gw_d2128bd6-4ea5-4272-9b4f-d0275e6a6bcf/agent/0.log":{"LastUpdated":"2024-08-27T17:17:29.735277678Z","Offset":"27122999","TailingMode":"","IngestionTimestamp":1724779048670386886},"file:/var/log/pods/default_kind-datadog-648gw_d2128bd6-4ea5-4272-9b4f-d0275e6a6bcf/init-config/0.log":{"LastUpdated":"2024-08-27T17:16:29.984487012Z","Offset":"101","TailingMode":"","IngestionTimestamp":1724778984840820134},"file:/var/log/pods/default_kind-datadog-648gw_d2128bd6-4ea5-4272-9b4f-d0275e6a6bcf/process-agent/0.log":{"LastUpdated":"2024-08-27T17:17:28.666088011Z","Offset":"101108","TailingMode":"","IngestionTimestamp":1724779046895327885},"file:/var/log/pods/default_kind-datadog-648gw_d2128bd6-4ea5-4272-9b4f-d0275e6a6bcf/security-agent/0.log":{"LastUpdated":"2024-08-27T17:17:27.306486427Z","Offset":"35285","TailingMode":"","IngestionTimestamp":1724779041899232758},"file:/var/log/pods/default_kind-datadog-648gw_d2128bd6-4ea5-4272-9b4f-d0275e6a6bcf/system-probe/0.log":{"LastUpdated":"2024-08-27T17:17:26.691759385Z","Offset":"54537","TailingMode":"","IngestionTimestamp":1724779039892379965},"file:/var/log/pods/default_kind-datadog-648gw_d2128bd6-4ea5-4272-9b4f-d0275e6a6bcf/trace-agent/0.log":{"LastUpdated":"2024-08-27T17:17:28.666086636Z","Offset":"38749","TailingMode":"","IngestionTimestamp":1724779045900390093},"file:/var/log/pods/default_kind-datadog-cluster-agent-679fdb9c58-nk6m9_4603f615-9d16-4cb2-8627-36d5cdd41eda/cluster-agent/0.log":{"LastUpdated":"2024-08-26T18:32:28.032675854Z","Offset":"6568045","TailingMode":"","IngestionTimestamp":1724697147627259937},"file:/var/log/pods/default_kind-datadog-cluster-agent-679fdb9c58-nk6m9_4603f615-9d16-4cb2-8627-36d5cdd41eda/cluster-agent/1.log":{"LastUpdated":"2024-08-27T17:16:44.917349213Z","Offset":"7609897","TailingMode":"","IngestionTimestamp":1724779004285935713},"file:/var/log/pods/default_kind-datadog-x5fxf_adec1622-4086-4a1f-8bcb-ae5078fa9f2b/agent/0.log":{"LastUpdated":"2024-08-26T18:32:37.357148734Z","Offset":"8674745","TailingMode":"","IngestionTimestamp":1724697156958692525},"file:/var/log/pods/default_kind-datadog-x5fxf_adec1622-4086-4a1f-8bcb-ae5078fa9f2b/agent/1.log":{"LastUpdated":"2024-08-27T17:16:14.315492504Z","Offset":"8244456","TailingMode":"","IngestionTimestamp":1724778974096407546},"file:/var/log/pods/default_kind-datadog-x5fxf_adec1622-4086-4a1f-8bcb-ae5078fa9f2b/trace-agent/0.log":{"LastUpdated":"2024-08-27T17:16:14.352624004Z","Offset":"5893893","TailingMode":"","IngestionTimestamp":1724778973751591379},"file:/var/log/pods/default_metallb-controller-77cb7f5d88-9xbqc_d76f4386-64f1-461b-aa29-d1575b71f327/controller/0.log":{"LastUpdated":"2024-08-26T22:11:12.424249305Z","Offset":"60648","TailingMode":"","IngestionTimestamp":1724710272104907388},"file:/var/log/pods/default_metallb-speaker-5dpvv_e39d5095-634c-4059-b5ac-8987a682a096/frr/0.log":{"LastUpdated":"2024-08-26T22:10:47.438367126Z","Offset":"5029","TailingMode":"","IngestionTimestamp":1724710243055136388},"file:/var/log/pods/default_metallb-speaker-5dpvv_e39d5095-634c-4059-b5ac-8987a682a096/reloader/0.log":{"LastUpdated":"2024-08-26T22:11:12.401411513Z","Offset":"5980","TailingMode":"","IngestionTimestamp":1724710272082763513},"file:/var/log/pods/default_metallb-speaker-5dpvv_e39d5095-634c-4059-b5ac-8987a682a096/speaker/0.log":{"LastUpdated":"2024-08-26T22:11:17.440011418Z","Offset":"54075","TailingMode":"","IngestionTimestamp":1724710273082897555},"file:/var/log/pods/default_pdserver-bdc89dfcf-v4bdb_1abac9d8-440f-4025-b84e-32c0eca9f00e/pdserver/0.log":{"LastUpdated":"2024-08-26T19:56:02.438639425Z","Offset":"1467","TailingMode":"","IngestionTimestamp":1724702162026432258},"file:/var/log/pods/default_pdserver-migrate-df4hx_c4d1c4fc-d902-4411-90b3-0f10a14da804/server-migrate/1.log":{"LastUpdated":"2024-08-26T19:48:02.392212467Z","Offset":"516","TailingMode":"","IngestionTimestamp":1724701682018816508},"file:/var/log/pods/default_pdserver-migrate-df4hx_c4d1c4fc-d902-4411-90b3-0f10a14da804/server-migrate/2.log":{"LastUpdated":"2024-08-26T19:48:12.412438805Z","Offset":"516","TailingMode":"","IngestionTimestamp":1724701692020054013},"file:/var/log/pods/default_pdserver-migrate-df4hx_c4d1c4fc-d902-4411-90b3-0f10a14da804/server-migrate/3.log":{"LastUpdated":"2024-08-26T19:48:42.419229013Z","Offset":"516","TailingMode":"","IngestionTimestamp":1724701722021306721},"file:/var/log/pods/default_pdserver-migrate-df4hx_c4d1c4fc-d902-4411-90b3-0f10a14da804/server-migrate/4.log":{"LastUpdated":"2024-08-26T19:49:22.41530767Z","Offset":"515","TailingMode":"","IngestionTimestamp":1724701762016281587},"file:/var/log/pods/default_pdserver-migrate-df4hx_c4d1c4fc-d902-4411-90b3-0f10a14da804/server-migrate/5.log":{"LastUpdated":"2024-08-26T19:51:02.393016217Z","Offset":"515","TailingMode":"","IngestionTimestamp":1724701862020168925},"file:/var/log/pods/default_pdserver-migrate-lmgnk_3cc23071-62f8-4673-854a-ff03c7b764f5/server-migrate/1.log":{"LastUpdated":"2024-08-26T19:34:22.441019712Z","Offset":"143","TailingMode":"","IngestionTimestamp":1724700862004730962},"file:/var/log/pods/default_pdserver-migrate-lmgnk_3cc23071-62f8-4673-854a-ff03c7b764f5/server-migrate/2.log":{"LastUpdated":"2024-08-26T19:34:32.37853655Z","Offset":"144","TailingMode":"","IngestionTimestamp":1724700872008114633},"file:/var/log/pods/default_pdserver-migrate-lmgnk_3cc23071-62f8-4673-854a-ff03c7b764f5/server-migrate/3.log":{"LastUpdated":"2024-08-26T19:35:02.404696633Z","Offset":"143","TailingMode":"","IngestionTimestamp":1724700902010897467},"file:/var/log/pods/default_pdserver-migrate-tdqgv_795d85fa-919d-409d-9d65-37fa523a066e/server-migrate/0.log":{"LastUpdated":"2024-08-26T19:37:22.46733167Z","Offset":"80","TailingMode":"","IngestionTimestamp":1724701042012235795},"file:/var/log/pods/default_pdserver-migrate-twnwb_a9f49944-1208-48b0-8930-5c826786791b/server-migrate/0.log":{"LastUpdated":"2024-08-26T19:28:52.340390629Z","Offset":"515","TailingMode":"","IngestionTimestamp":1724700531967212045},"file:/var/log/pods/default_pdserver-migrate-twnwb_a9f49944-1208-48b0-8930-5c826786791b/server-migrate/1.log":{"LastUpdated":"2024-08-26T19:29:02.35550605Z","Offset":"516","TailingMode":"","IngestionTimestamp":1724700541973552300},"file:/var/log/pods/default_pdserver-migrate-twnwb_a9f49944-1208-48b0-8930-5c826786791b/server-migrate/2.log":{"LastUpdated":"2024-08-26T19:29:12.420468305Z","Offset":"516","TailingMode":"","IngestionTimestamp":1724700551972727180},"file:/var/log/pods/default_pdserver-migrate-twnwb_a9f49944-1208-48b0-8930-5c826786791b/server-migrate/3.log":{"LastUpdated":"2024-08-26T19:29:42.32504318Z","Offset":"514","TailingMode":"","IngestionTimestamp":1724700581970483888},"file:/var/log/pods/default_pdserver-migrate-twnwb_a9f49944-1208-48b0-8930-5c826786791b/server-migrate/4.log":{"LastUpdated":"2024-08-26T19:30:27.369714048Z","Offset":"516","TailingMode":"","IngestionTimestamp":1724700622967224254},"file:/var/log/pods/default_pdserver-migrate-zrpjp_0b7e848f-60e0-495f-940a-29bc0b412830/server-migrate/0.log":{"LastUpdated":"2024-08-26T19:52:27.418399131Z","Offset":"18896","TailingMode":"","IngestionTimestamp":1724701943020318171},"file:/var/log/pods/default_pdserver-seed-pwt7g_fc853bf3-9710-41d7-8600-a5cc1e2e941b/server-seed/0.log":{"LastUpdated":"2024-08-26T19:53:17.418139376Z","Offset":"16678","TailingMode":"","IngestionTimestamp":1724701994023667166},"file:/var/log/pods/default_postgresdb-74d86df74f-zvc47_aac6faef-ba30-41d6-a27f-d2b61ef0859a/postgresdb/0.log":{"LastUpdated":"2024-08-26T19:23:52.423714962Z","Offset":"7579","TailingMode":"","IngestionTimestamp":1724700230792542420},"file:/var/log/pods/default_postgresdb-88647cc65-4ns6l_b1094190-fd62-46ab-aee4-243836fd79e2/postgresdb/0.log":{"LastUpdated":"2024-08-27T17:17:14.92622288Z","Offset":"1363211","TailingMode":"","IngestionTimestamp":1724779032889446170},"file:/var/log/pods/ignite-namespace_ignite-cluster-0_9c1e8b7c-028b-40da-86c0-39468ee5708e/ignite-node/0.log":{"LastUpdated":"2024-08-27T15:25:26.408220927Z","Offset":"92755","TailingMode":"","IngestionTimestamp":1724772324251332801},"file:/var/log/pods/kube-system_kindnet-jn2xr_444c0f23-dbbf-4dd6-8c63-72dce054ac97/kindnet-cni/0.log":{"LastUpdated":"2024-08-27T17:17:19.998565299Z","Offset":"672549","TailingMode":"","IngestionTimestamp":1724779036892266672},"file:/var/log/pods/kube-system_kube-proxy-bddhr_4d6f81ac-8823-46b1-b028-c037325d0faf/kube-proxy/0.log":{"LastUpdated":"2024-08-26T18:32:28.029658438Z","Offset":"10750","TailingMode":"","IngestionTimestamp":1724697141972176351},"file:/var/log/pods/kubernetes-dashboard_kubernetes-dashboard-6d6bbddd49-h2nfh_9c5546d4-8aec-425a-b615-c0b5bd3bd035/kubernetes-dashboard/0.log":{"LastUpdated":"2024-08-26T18:32:28.032650229Z","Offset":"113627","TailingMode":"","IngestionTimestamp":1724697144783938811},"file:/var/log/pods/kubernetes-dashboard_kubernetes-dashboard-6d6bbddd49-h2nfh_9c5546d4-8aec-425a-b615-c0b5bd3bd035/kubernetes-dashboard/1.log":{"LastUpdated":"2024-08-26T18:32:37.359887109Z","Offset":"1617","TailingMode":"","IngestionTimestamp":1724697156959233817},"file:/var/log/pods/nginx_nginx-deployment-5b69cd8969-kr887_54d1829f-c260-48d5-aef9-a4fc2dfce85a/nginx/0.log":{"LastUpdated":"2024-08-27T17:17:14.926241838Z","Offset":"922887","TailingMode":"","IngestionTimestamp":1724779033317202754}}}